CHROM,POS,DP
AF384372.1,76,25
AF384372.1,159,24
AF384372.1,188,24
AF384372.1,239,22
AF384372.1,242,22
AF384372.1,260,21
AF384372.1,268,20
AF384372.1,284,22
AF384372.1,314,18
AF384372.1,1319,10
AF384372.1,1324,10
AF384372.1,1326,10
AF384372.1,1339,10
AF384372.1,1344,10
AF384372.1,1348,10
AF384372.1,1384,10
AF384372.1,1386,10
AF384372.1,1392,10
AF384372.1,1395,11
AF384372.1,1398,11
AF384372.1,1404,11
AF384372.1,1408,11
AF384372.1,1409,11
AF384372.1,1426,14
AF384372.1,1431,13
AF384372.1,1446,13
AF384372.1,1464,15
AF384372.1,1465,15
AF384372.1,1466,15
AF384372.1,1475,14
AF384372.1,1524,15
AF384372.1,1586,15
AF384372.1,1592,17
AF384372.1,1593,17
AF384372.1,1599,17
AF384372.1,1620,18
AF384372.1,1623,18
AF384372.1,1629,18
AF384372.1,1644,19
AF384372.1,1666,19
AF384372.1,1699,19
AF384372.1,1707,22
AF384372.1,1753,18
AF384372.1,1780,19
AF384372.1,1781,19
AF384372.1,1790,19
AF384372.1,2938,13
AF384372.1,2948,13
AF384372.1,2950,13
AF384372.1,2951,13
AF384372.1,2957,14
AF384372.1,2958,14
AF384372.1,2978,13
AF384372.1,2983,14
AF384372.1,2985,14
AF384372.1,2986,14
AF384372.1,2992,14
AF384372.1,3008,14
AF384372.1,3012,14
AF384372.1,3024,13
AF384372.1,3026,14
AF384372.1,3032,14
AF384372.1,3035,14
AF384372.1,3045,14
AF384372.1,3052,14
AF384372.1,3057,14
AF384372.1,3059,14
AF384372.1,3067,14
AF384372.1,3069,14
AF384372.1,3104,12
