sample_id	read_count	gc_content	seq_score	read_length	map_score
barcode05	read	occurence
Mapped	314
No mapped	17491
total	17805	GC_content,mapped,occurence
35.58,0.0,1.0
37.71,0.0,1.0
37.8,0.0,1.0
38.32,0.0,1.0
39.43,0.0,1.0
39.77,0.0,1.0
40.66,0.0,1.0
40.77,0.0,1.0
40.83,0.0,1.0
40.88,0.0,1.0
41.06,0.0,1.0
41.22,0.0,1.0
41.25,0.0,1.0
41.38,0.0,1.0
41.41,0.0,1.0
41.48,1.0,1.0
41.82,0.0,1.0
41.87,0.0,1.0
41.92,0.0,1.0
42.0,0.0,1.0
42.01,0.0,1.0
42.26,0.0,1.0
42.41,0.0,2.0
42.42,0.0,1.0
42.45,1.0,1.0
42.86,0.0,2.0
42.94,0.0,1.0
43.07,0.0,1.0
43.12,0.0,1.0
43.14,0.0,1.0
43.26,0.0,1.0
43.34,0.0,1.0
43.42,1.0,1.0
43.43,0.0,1.0
43.48,0.0,1.0
43.58,1.0,1.0
43.64,0.0,1.0
43.71,0.0,1.0
43.73,0.0,1.0
43.75,0.0,1.0
43.78,0.0,1.0
43.87,0.0,1.0
43.89,0.0,1.0
43.93,0.0,1.0
43.95,0.0,2.0
43.97,0.0,1.0
44.0,0.0,1.0
44.03,0.0,1.0
44.08,0.0,3.0
44.11,1.0,1.0
44.12,0.0,3.0
44.13,0.0,1.0
44.16,0.0,1.0
44.19,0.0,1.0
44.2,0.0,1.0
44.25,0.0,1.0
44.27,0.0,1.0
44.3,0.0,1.0
44.32,0.0,1.0
44.37,0.0,1.0
44.38,0.0,1.0
44.42,1.0,1.0
44.44,0.0,1.0
44.5,0.0,2.0
44.53,0.0,1.0
44.59,0.0,3.0
44.62,0.0,1.0
44.65,0.0,2.0
44.65,1.0,1.0
44.67,0.0,3.0
44.68,0.0,1.0
44.68,1.0,1.0
44.7,1.0,1.0
44.71,1.0,1.0
44.74,1.0,1.0
44.77,0.0,2.0
44.81,0.0,2.0
44.83,0.0,3.0
44.85,0.0,1.0
44.9,1.0,1.0
44.94,0.0,3.0
44.97,0.0,1.0
44.98,1.0,1.0
45.0,0.0,1.0
45.02,0.0,1.0
45.03,0.0,2.0
45.06,0.0,1.0
45.08,1.0,1.0
45.1,0.0,2.0
45.13,0.0,2.0
45.14,0.0,3.0
45.16,0.0,2.0
45.18,0.0,1.0
45.2,0.0,2.0
45.22,1.0,1.0
45.24,0.0,3.0
45.25,0.0,1.0
45.26,1.0,1.0
45.28,0.0,1.0
45.29,0.0,1.0
45.3,0.0,1.0
45.33,0.0,2.0
45.34,0.0,1.0
45.34,1.0,1.0
45.35,0.0,1.0
45.36,0.0,2.0
45.39,0.0,2.0
45.39,1.0,1.0
45.4,0.0,2.0
45.41,1.0,1.0
45.45,0.0,4.0
45.45,1.0,1.0
45.49,0.0,1.0
45.51,0.0,1.0
45.54,0.0,2.0
45.54,1.0,1.0
45.56,0.0,4.0
45.61,0.0,2.0
45.62,0.0,1.0
45.63,0.0,1.0
45.66,1.0,1.0
45.67,0.0,1.0
45.7,0.0,1.0
45.71,0.0,2.0
45.73,0.0,1.0
45.74,0.0,1.0
45.76,0.0,1.0
45.78,1.0,1.0
45.81,0.0,4.0
45.83,0.0,2.0
45.83,1.0,1.0
45.85,0.0,1.0
45.86,0.0,1.0
45.87,0.0,1.0
45.88,0.0,1.0
45.88,1.0,1.0
45.9,0.0,1.0
45.91,1.0,1.0
45.92,0.0,1.0
45.93,0.0,2.0
45.95,0.0,1.0
45.96,0.0,2.0
45.96,1.0,1.0
45.97,0.0,1.0
45.98,0.0,1.0
46.0,0.0,2.0
46.02,0.0,3.0
46.03,0.0,2.0
46.03,1.0,1.0
46.05,0.0,1.0
46.06,0.0,2.0
46.07,0.0,2.0
46.1,0.0,1.0
46.11,0.0,2.0
46.12,0.0,1.0
46.14,0.0,1.0
46.15,0.0,2.0
46.15,1.0,1.0
46.2,0.0,4.0
46.2,1.0,1.0
46.22,0.0,1.0
46.23,0.0,1.0
46.24,0.0,4.0
46.25,0.0,2.0
46.26,0.0,1.0
46.27,0.0,2.0
46.29,0.0,3.0
46.29,1.0,1.0
46.31,0.0,3.0
46.32,0.0,2.0
46.33,0.0,7.0
46.34,1.0,1.0
46.35,0.0,1.0
46.36,0.0,1.0
46.36,1.0,1.0
46.38,0.0,1.0
46.39,0.0,2.0
46.4,0.0,1.0
46.41,0.0,4.0
46.43,0.0,4.0
46.45,0.0,4.0
46.46,0.0,2.0
46.46,1.0,1.0
46.47,0.0,3.0
46.49,0.0,1.0
46.49,1.0,1.0
46.5,0.0,1.0
46.51,0.0,4.0
46.52,0.0,2.0
46.53,0.0,3.0
46.54,0.0,1.0
46.55,0.0,2.0
46.56,0.0,1.0
46.57,0.0,4.0
46.58,0.0,3.0
46.59,0.0,3.0
46.59,1.0,1.0
46.6,0.0,3.0
46.61,0.0,2.0
46.62,1.0,1.0
46.63,0.0,4.0
46.65,0.0,1.0
46.67,0.0,4.0
46.69,0.0,1.0
46.7,0.0,3.0
46.7,1.0,1.0
46.71,0.0,5.0
46.72,0.0,1.0
46.73,0.0,2.0
46.74,0.0,4.0
46.75,0.0,6.0
46.76,1.0,1.0
46.77,0.0,2.0
46.77,1.0,1.0
46.78,0.0,3.0
46.82,0.0,6.0
46.83,0.0,1.0
46.84,0.0,6.0
46.85,1.0,1.0
46.86,0.0,5.0
46.88,0.0,7.0
46.89,0.0,3.0
46.9,0.0,1.0
46.91,0.0,4.0
46.91,1.0,1.0
46.93,0.0,2.0
46.94,0.0,1.0
46.95,0.0,4.0
46.97,0.0,1.0
46.98,0.0,1.0
46.99,0.0,2.0
46.99,1.0,1.0
47.0,0.0,2.0
47.02,0.0,6.0
47.03,0.0,5.0
47.06,0.0,5.0
47.06,1.0,1.0
47.09,0.0,7.0
47.1,0.0,2.0
47.12,0.0,4.0
47.13,0.0,8.0
47.14,0.0,2.0
47.15,0.0,1.0
47.16,0.0,6.0
47.17,0.0,1.0
47.18,0.0,2.0
47.18,1.0,1.0
47.19,0.0,2.0
47.2,0.0,1.0
47.21,0.0,1.0
47.22,0.0,3.0
47.22,1.0,1.0
47.23,0.0,2.0
47.24,0.0,4.0
47.25,0.0,4.0
47.25,1.0,1.0
47.26,0.0,1.0
47.27,0.0,3.0
47.28,0.0,1.0
47.28,1.0,1.0
47.29,0.0,2.0
47.31,0.0,5.0
47.31,1.0,2.0
47.32,0.0,3.0
47.32,1.0,1.0
47.33,0.0,4.0
47.34,0.0,8.0
47.34,1.0,1.0
47.35,0.0,2.0
47.35,1.0,1.0
47.37,0.0,13.0
47.37,1.0,2.0
47.38,0.0,1.0
47.39,0.0,2.0
47.39,1.0,1.0
47.4,0.0,7.0
47.42,0.0,2.0
47.42,1.0,1.0
47.43,0.0,9.0
47.44,0.0,5.0
47.44,1.0,1.0
47.45,0.0,5.0
47.46,0.0,7.0
47.46,1.0,1.0
47.47,0.0,7.0
47.47,1.0,1.0
47.49,0.0,1.0
47.5,0.0,5.0
47.5,1.0,1.0
47.51,0.0,2.0
47.52,0.0,4.0
47.53,0.0,4.0
47.54,0.0,2.0
47.54,1.0,1.0
47.55,0.0,1.0
47.56,0.0,6.0
47.57,0.0,5.0
47.57,1.0,1.0
47.59,0.0,2.0
47.6,0.0,5.0
47.6,1.0,1.0
47.62,0.0,7.0
47.62,1.0,1.0
47.63,0.0,1.0
47.64,0.0,1.0
47.64,1.0,1.0
47.65,0.0,6.0
47.66,0.0,1.0
47.67,0.0,5.0
47.68,0.0,7.0
47.69,0.0,1.0
47.7,0.0,4.0
47.71,0.0,3.0
47.72,0.0,4.0
47.73,0.0,8.0
47.73,1.0,1.0
47.74,0.0,11.0
47.75,0.0,2.0
47.76,0.0,2.0
47.76,1.0,1.0
47.77,0.0,4.0
47.78,0.0,4.0
47.79,1.0,1.0
47.8,0.0,9.0
47.81,0.0,3.0
47.83,0.0,7.0
47.85,0.0,6.0
47.86,0.0,3.0
47.86,1.0,3.0
47.87,0.0,5.0
47.87,1.0,1.0
47.88,0.0,9.0
47.89,0.0,7.0
47.89,1.0,1.0
47.9,0.0,10.0
47.9,1.0,1.0
47.91,0.0,1.0
47.91,1.0,1.0
47.92,0.0,1.0
47.92,1.0,1.0
47.93,0.0,5.0
47.94,0.0,3.0
47.95,0.0,13.0
47.96,0.0,4.0
47.96,1.0,1.0
47.97,1.0,1.0
47.98,0.0,2.0
47.98,1.0,1.0
47.99,0.0,1.0
48.0,0.0,26.0
48.01,0.0,3.0
48.02,0.0,5.0
48.03,0.0,9.0
48.04,0.0,5.0
48.05,0.0,8.0
48.06,0.0,3.0
48.07,0.0,1.0
48.08,0.0,15.0
48.09,0.0,2.0
48.1,0.0,12.0
48.11,0.0,8.0
48.12,0.0,15.0
48.12,1.0,1.0
48.13,0.0,5.0
48.14,0.0,1.0
48.15,0.0,14.0
48.16,0.0,3.0
48.17,0.0,11.0
48.18,0.0,4.0
48.18,1.0,1.0
48.19,0.0,6.0
48.2,0.0,3.0
48.21,0.0,7.0
48.22,0.0,4.0
48.23,0.0,3.0
48.24,0.0,17.0
48.25,0.0,4.0
48.26,0.0,18.0
48.26,1.0,2.0
48.28,0.0,11.0
48.28,1.0,3.0
48.29,0.0,9.0
48.29,1.0,1.0
48.3,0.0,6.0
48.31,0.0,8.0
48.31,1.0,1.0
48.32,0.0,4.0
48.33,0.0,7.0
48.33,1.0,1.0
48.34,0.0,10.0
48.34,1.0,1.0
48.35,0.0,8.0
48.36,0.0,3.0
48.37,0.0,10.0
48.39,0.0,17.0
48.39,1.0,1.0
48.4,0.0,9.0
48.4,1.0,1.0
48.41,0.0,13.0
48.42,0.0,4.0
48.43,0.0,10.0
48.44,0.0,14.0
48.45,0.0,11.0
48.46,0.0,2.0
48.46,1.0,1.0
48.47,0.0,12.0
48.48,0.0,13.0
48.48,1.0,1.0
48.5,0.0,20.0
48.51,0.0,5.0
48.51,1.0,2.0
48.52,0.0,9.0
48.53,0.0,9.0
48.54,0.0,22.0
48.55,0.0,16.0
48.55,1.0,1.0
48.56,0.0,5.0
48.57,0.0,12.0
48.57,1.0,1.0
48.58,0.0,7.0
48.59,0.0,5.0
48.6,0.0,4.0
48.61,0.0,1.0
48.62,0.0,7.0
48.62,1.0,1.0
48.63,0.0,8.0
48.64,0.0,3.0
48.65,0.0,8.0
48.66,0.0,11.0
48.67,0.0,12.0
48.68,0.0,17.0
48.68,1.0,1.0
48.69,0.0,5.0
48.7,0.0,19.0
48.71,0.0,3.0
48.72,0.0,19.0
48.73,0.0,18.0
48.74,0.0,6.0
48.75,0.0,7.0
48.75,1.0,1.0
48.76,0.0,6.0
48.77,0.0,20.0
48.78,0.0,12.0
48.78,1.0,1.0
48.79,0.0,8.0
48.79,1.0,2.0
48.8,0.0,12.0
48.81,0.0,9.0
48.81,1.0,1.0
48.82,0.0,23.0
48.83,0.0,5.0
48.84,0.0,27.0
48.85,0.0,12.0
48.86,0.0,11.0
48.87,0.0,4.0
48.88,0.0,7.0
48.89,0.0,7.0
48.9,0.0,6.0
48.9,1.0,1.0
48.91,0.0,8.0
48.92,0.0,6.0
48.93,0.0,1.0
48.94,0.0,11.0
48.95,0.0,12.0
48.96,0.0,8.0
48.97,0.0,16.0
48.98,0.0,10.0
48.99,0.0,9.0
48.99,1.0,1.0
49.0,0.0,10.0
49.0,1.0,2.0
49.01,0.0,28.0
49.02,0.0,23.0
49.03,0.0,36.0
49.04,0.0,31.0
49.05,0.0,6.0
49.06,0.0,15.0
49.07,0.0,16.0
49.08,0.0,23.0
49.09,0.0,14.0
49.1,0.0,12.0
49.11,0.0,21.0
49.12,0.0,35.0
49.13,0.0,19.0
49.14,0.0,17.0
49.14,1.0,2.0
49.15,0.0,14.0
49.15,1.0,1.0
49.16,0.0,6.0
49.17,0.0,21.0
49.18,0.0,9.0
49.19,0.0,8.0
49.2,0.0,8.0
49.21,0.0,20.0
49.22,0.0,9.0
49.22,1.0,1.0
49.23,0.0,8.0
49.24,0.0,8.0
49.25,0.0,21.0
49.25,1.0,1.0
49.26,0.0,5.0
49.27,0.0,12.0
49.28,0.0,22.0
49.28,1.0,1.0
49.29,0.0,10.0
49.29,1.0,2.0
49.3,0.0,9.0
49.31,0.0,7.0
49.31,1.0,2.0
49.32,0.0,4.0
49.33,0.0,15.0
49.34,0.0,17.0
49.35,0.0,12.0
49.36,0.0,20.0
49.36,1.0,2.0
49.37,0.0,19.0
49.37,1.0,1.0
49.38,0.0,42.0
49.38,1.0,1.0
49.39,0.0,20.0
49.39,1.0,1.0
49.4,0.0,36.0
49.41,0.0,29.0
49.42,0.0,39.0
49.43,0.0,38.0
49.43,1.0,1.0
49.44,0.0,20.0
49.44,1.0,1.0
49.45,0.0,14.0
49.46,0.0,22.0
49.47,0.0,15.0
49.48,0.0,18.0
49.49,0.0,16.0
49.49,1.0,1.0
49.5,0.0,20.0
49.5,1.0,1.0
49.51,0.0,24.0
49.52,0.0,21.0
49.52,1.0,1.0
49.53,0.0,8.0
49.53,1.0,2.0
49.54,0.0,8.0
49.55,0.0,22.0
49.55,1.0,2.0
49.56,0.0,14.0
49.57,0.0,15.0
49.58,0.0,16.0
49.58,1.0,2.0
49.59,0.0,9.0
49.59,1.0,1.0
49.6,0.0,9.0
49.61,0.0,4.0
49.61,1.0,1.0
49.62,0.0,11.0
49.63,0.0,3.0
49.64,0.0,9.0
49.65,0.0,9.0
49.66,0.0,6.0
49.66,1.0,1.0
49.67,0.0,20.0
49.68,0.0,34.0
49.69,0.0,43.0
49.69,1.0,4.0
49.7,0.0,34.0
49.7,1.0,1.0
49.71,0.0,69.0
49.71,1.0,1.0
49.72,0.0,32.0
49.73,0.0,30.0
49.74,0.0,51.0
49.74,1.0,1.0
49.75,0.0,28.0
49.76,0.0,42.0
49.77,0.0,27.0
49.78,0.0,23.0
49.79,0.0,23.0
49.79,1.0,3.0
49.8,0.0,10.0
49.81,0.0,15.0
49.81,1.0,1.0
49.82,0.0,20.0
49.82,1.0,2.0
49.83,0.0,3.0
49.84,0.0,5.0
49.84,1.0,11.0
49.85,0.0,5.0
49.85,1.0,2.0
49.86,0.0,5.0
49.87,0.0,7.0
49.87,1.0,2.0
49.88,0.0,3.0
49.88,1.0,1.0
49.9,0.0,3.0
49.9,1.0,2.0
49.91,0.0,1.0
50.0,0.0,671.0
50.0,1.0,15.0
50.11,0.0,1.0
50.12,0.0,2.0
50.13,0.0,8.0
50.14,0.0,5.0
50.14,1.0,1.0
50.15,0.0,8.0
50.15,1.0,1.0
50.16,0.0,16.0
50.16,1.0,9.0
50.17,0.0,17.0
50.18,0.0,24.0
50.19,0.0,18.0
50.19,1.0,1.0
50.2,0.0,18.0
50.2,1.0,1.0
50.21,0.0,53.0
50.22,0.0,37.0
50.22,1.0,1.0
50.23,0.0,28.0
50.23,1.0,1.0
50.24,0.0,65.0
50.25,0.0,53.0
50.26,0.0,61.0
50.26,1.0,1.0
50.27,0.0,29.0
50.28,0.0,34.0
50.29,0.0,114.0
50.3,0.0,62.0
50.3,1.0,1.0
50.31,0.0,67.0
50.31,1.0,1.0
50.32,0.0,78.0
50.32,1.0,4.0
50.33,0.0,66.0
50.34,0.0,14.0
50.34,1.0,1.0
50.35,0.0,7.0
50.35,1.0,1.0
50.36,0.0,20.0
50.37,0.0,10.0
50.37,1.0,2.0
50.38,0.0,15.0
50.38,1.0,2.0
50.39,0.0,10.0
50.39,1.0,1.0
50.4,0.0,20.0
50.4,1.0,1.0
50.41,0.0,20.0
50.41,1.0,1.0
50.42,0.0,33.0
50.43,0.0,17.0
50.43,1.0,1.0
50.44,0.0,23.0
50.45,0.0,27.0
50.46,0.0,22.0
50.47,0.0,17.0
50.47,1.0,1.0
50.48,0.0,31.0
50.48,1.0,1.0
50.49,0.0,38.0
50.5,0.0,29.0
50.51,0.0,33.0
50.52,0.0,46.0
50.52,1.0,1.0
50.53,0.0,40.0
50.54,0.0,48.0
50.55,0.0,25.0
50.56,0.0,31.0
50.57,0.0,77.0
50.57,1.0,4.0
50.58,0.0,85.0
50.59,0.0,69.0
50.6,0.0,60.0
50.61,0.0,33.0
50.62,0.0,75.0
50.62,1.0,1.0
50.63,0.0,88.0
50.63,1.0,1.0
50.64,0.0,69.0
50.64,1.0,2.0
50.65,0.0,67.0
50.66,0.0,64.0
50.67,0.0,57.0
50.68,0.0,21.0
50.69,0.0,18.0
50.7,0.0,26.0
50.71,0.0,15.0
50.72,0.0,58.0
50.72,1.0,2.0
50.73,0.0,47.0
50.74,0.0,32.0
50.74,1.0,1.0
50.75,0.0,39.0
50.75,1.0,1.0
50.76,0.0,25.0
50.77,0.0,20.0
50.78,0.0,31.0
50.78,1.0,1.0
50.79,0.0,66.0
50.8,0.0,32.0
50.81,0.0,32.0
50.82,0.0,26.0
50.83,0.0,57.0
50.83,1.0,3.0
50.84,0.0,31.0
50.84,1.0,1.0
50.85,0.0,40.0
50.86,0.0,41.0
50.87,0.0,113.0
50.88,0.0,148.0
50.88,1.0,1.0
50.89,0.0,57.0
50.89,1.0,2.0
50.9,0.0,39.0
50.9,1.0,1.0
50.91,0.0,33.0
50.92,0.0,57.0
50.92,1.0,1.0
50.93,0.0,65.0
50.94,0.0,66.0
50.94,1.0,1.0
50.95,0.0,32.0
50.96,0.0,106.0
50.97,0.0,95.0
50.98,0.0,67.0
50.98,1.0,1.0
50.99,0.0,63.0
50.99,1.0,1.0
51.0,0.0,13.0
51.0,1.0,1.0
51.01,0.0,29.0
51.02,0.0,28.0
51.03,0.0,45.0
51.03,1.0,3.0
51.04,0.0,66.0
51.05,0.0,69.0
51.06,0.0,42.0
51.06,1.0,1.0
51.07,0.0,21.0
51.08,0.0,42.0
51.08,1.0,1.0
51.09,0.0,46.0
51.1,0.0,45.0
51.11,0.0,30.0
51.12,0.0,27.0
51.13,0.0,34.0
51.14,0.0,36.0
51.15,0.0,103.0
51.16,0.0,156.0
51.17,0.0,19.0
51.18,0.0,100.0
51.19,0.0,52.0
51.19,1.0,1.0
51.2,0.0,58.0
51.2,1.0,1.0
51.21,0.0,68.0
51.22,0.0,87.0
51.23,0.0,93.0
51.24,0.0,30.0
51.25,0.0,74.0
51.26,0.0,31.0
51.26,1.0,1.0
51.27,0.0,128.0
51.27,1.0,1.0
51.28,0.0,82.0
51.29,0.0,27.0
51.3,0.0,93.0
51.31,0.0,45.0
51.32,0.0,67.0
51.33,0.0,52.0
51.34,0.0,50.0
51.35,0.0,56.0
51.36,0.0,28.0
51.37,0.0,30.0
51.38,0.0,31.0
51.39,0.0,19.0
51.4,0.0,29.0
51.41,0.0,20.0
51.42,0.0,19.0
51.43,0.0,55.0
51.43,1.0,1.0
51.44,0.0,75.0
51.45,0.0,147.0
51.46,0.0,159.0
51.46,1.0,1.0
51.47,0.0,44.0
51.47,1.0,2.0
51.48,0.0,73.0
51.49,0.0,37.0
51.49,1.0,3.0
51.5,0.0,76.0
51.5,1.0,1.0
51.51,0.0,10.0
51.52,0.0,87.0
51.53,0.0,107.0
51.53,1.0,1.0
51.54,0.0,37.0
51.54,1.0,1.0
51.55,0.0,90.0
51.56,0.0,68.0
51.57,0.0,94.0
51.58,0.0,48.0
51.59,0.0,36.0
51.6,0.0,51.0
51.61,0.0,72.0
51.62,0.0,15.0
51.63,0.0,54.0
51.64,0.0,28.0
51.65,0.0,44.0
51.66,0.0,38.0
51.67,0.0,60.0
51.68,0.0,23.0
51.69,0.0,93.0
51.69,1.0,1.0
51.7,0.0,18.0
51.71,0.0,62.0
51.72,0.0,146.0
51.72,1.0,2.0
51.73,0.0,9.0
51.74,0.0,111.0
51.75,0.0,37.0
51.75,1.0,1.0
51.76,0.0,84.0
51.77,0.0,35.0
51.78,0.0,53.0
51.79,0.0,111.0
51.79,1.0,3.0
51.8,0.0,29.0
51.81,0.0,92.0
51.82,0.0,32.0
51.83,0.0,74.0
51.84,0.0,21.0
51.85,0.0,105.0
51.86,0.0,12.0
51.87,0.0,60.0
51.88,0.0,73.0
51.88,1.0,1.0
51.89,0.0,38.0
51.9,0.0,55.0
51.91,0.0,39.0
51.92,0.0,79.0
51.93,0.0,27.0
51.94,0.0,52.0
51.95,0.0,44.0
51.96,0.0,43.0
51.96,1.0,2.0
51.97,0.0,43.0
51.97,1.0,1.0
51.98,0.0,58.0
51.98,1.0,1.0
51.99,0.0,16.0
52.0,0.0,69.0
52.01,0.0,19.0
52.02,0.0,89.0
52.03,0.0,25.0
52.03,1.0,1.0
52.04,0.0,63.0
52.05,0.0,67.0
52.06,0.0,39.0
52.07,0.0,67.0
52.08,0.0,56.0
52.09,0.0,15.0
52.1,0.0,61.0
52.11,0.0,29.0
52.12,0.0,69.0
52.13,0.0,29.0
52.14,0.0,21.0
52.15,0.0,78.0
52.16,0.0,44.0
52.17,0.0,104.0
52.17,1.0,1.0
52.18,0.0,1.0
52.19,0.0,41.0
52.19,1.0,1.0
52.2,0.0,64.0
52.21,0.0,27.0
52.22,0.0,43.0
52.22,1.0,10.0
52.23,0.0,40.0
52.24,0.0,40.0
52.25,0.0,26.0
52.26,0.0,55.0
52.27,0.0,39.0
52.28,0.0,41.0
52.29,0.0,28.0
52.3,0.0,35.0
52.31,0.0,30.0
52.32,0.0,27.0
52.33,0.0,49.0
52.34,0.0,22.0
52.35,0.0,37.0
52.36,0.0,44.0
52.37,0.0,3.0
52.38,0.0,81.0
52.39,0.0,2.0
52.4,0.0,40.0
52.41,0.0,46.0
52.42,0.0,24.0
52.43,0.0,35.0
52.44,0.0,54.0
52.45,0.0,28.0
52.45,1.0,1.0
52.46,0.0,26.0
52.47,0.0,37.0
52.48,0.0,31.0
52.48,1.0,1.0
52.49,0.0,21.0
52.5,0.0,40.0
52.5,1.0,1.0
52.51,0.0,21.0
52.52,0.0,19.0
52.53,0.0,40.0
52.54,0.0,22.0
52.55,0.0,25.0
52.56,0.0,24.0
52.57,0.0,17.0
52.58,0.0,22.0
52.59,0.0,25.0
52.6,0.0,27.0
52.61,0.0,26.0
52.62,0.0,8.0
52.63,0.0,59.0
52.64,0.0,4.0
52.65,0.0,19.0
52.66,0.0,33.0
52.67,0.0,25.0
52.68,0.0,25.0
52.69,0.0,34.0
52.7,0.0,15.0
52.71,0.0,28.0
52.71,1.0,1.0
52.72,0.0,20.0
52.72,1.0,1.0
52.73,0.0,47.0
52.74,0.0,23.0
52.74,1.0,1.0
52.75,0.0,17.0
52.76,0.0,36.0
52.76,1.0,1.0
52.77,0.0,13.0
52.77,1.0,1.0
52.78,0.0,14.0
52.79,0.0,29.0
52.8,0.0,24.0
52.81,0.0,16.0
52.82,0.0,17.0
52.83,0.0,6.0
52.83,1.0,1.0
52.84,0.0,16.0
52.85,0.0,18.0
52.86,0.0,6.0
52.87,0.0,21.0
52.88,0.0,17.0
52.89,0.0,14.0
52.9,0.0,16.0
52.91,0.0,19.0
52.92,0.0,14.0
52.93,0.0,1.0
52.94,0.0,51.0
52.96,0.0,14.0
52.97,0.0,27.0
52.98,0.0,23.0
52.99,0.0,9.0
53.0,0.0,17.0
53.01,0.0,22.0
53.02,0.0,18.0
53.03,0.0,9.0
53.04,0.0,12.0
53.05,0.0,20.0
53.06,0.0,12.0
53.07,0.0,8.0
53.08,0.0,4.0
53.09,0.0,16.0
53.1,0.0,8.0
53.11,0.0,12.0
53.12,0.0,18.0
53.13,0.0,3.0
53.13,1.0,1.0
53.14,0.0,19.0
53.15,0.0,18.0
53.16,0.0,18.0
53.17,0.0,11.0
53.18,0.0,12.0
53.19,0.0,11.0
53.2,0.0,9.0
53.21,0.0,12.0
53.22,0.0,11.0
53.23,0.0,18.0
53.24,0.0,7.0
53.25,0.0,17.0
53.26,0.0,10.0
53.27,0.0,7.0
53.28,0.0,3.0
53.29,0.0,18.0
53.3,0.0,8.0
53.31,0.0,12.0
53.33,0.0,28.0
53.33,1.0,1.0
53.36,0.0,7.0
53.37,0.0,15.0
53.38,0.0,6.0
53.39,0.0,13.0
53.4,0.0,5.0
53.41,0.0,5.0
53.42,0.0,11.0
53.43,0.0,5.0
53.44,0.0,1.0
53.45,0.0,5.0
53.46,0.0,3.0
53.47,0.0,3.0
53.47,1.0,1.0
53.48,0.0,10.0
53.48,1.0,1.0
53.49,0.0,7.0
53.5,0.0,4.0
53.51,0.0,8.0
53.52,0.0,2.0
53.53,0.0,11.0
53.53,1.0,1.0
53.54,0.0,7.0
53.55,0.0,15.0
53.56,0.0,7.0
53.57,0.0,7.0
53.58,0.0,1.0
53.59,0.0,38.0
53.6,0.0,5.0
53.61,0.0,6.0
53.61,1.0,1.0
53.62,0.0,7.0
53.63,0.0,4.0
53.64,0.0,8.0
53.65,0.0,6.0
53.66,0.0,5.0
53.67,0.0,3.0
53.68,0.0,3.0
53.69,0.0,3.0
53.69,1.0,1.0
53.7,0.0,10.0
53.71,0.0,2.0
53.72,0.0,13.0
53.73,0.0,3.0
53.74,0.0,1.0
53.75,0.0,6.0
53.76,0.0,3.0
53.77,0.0,4.0
53.78,0.0,6.0
53.79,0.0,4.0
53.8,0.0,7.0
53.81,0.0,5.0
53.82,0.0,1.0
53.83,0.0,1.0
53.85,0.0,15.0
53.86,0.0,1.0
53.87,0.0,3.0
53.88,0.0,4.0
53.89,0.0,2.0
53.9,0.0,15.0
53.91,0.0,3.0
53.92,0.0,2.0
53.93,0.0,2.0
53.94,0.0,1.0
53.95,0.0,7.0
53.96,0.0,4.0
53.97,0.0,8.0
53.98,0.0,1.0
53.99,0.0,5.0
54.0,0.0,3.0
54.0,1.0,1.0
54.01,0.0,4.0
54.02,0.0,3.0
54.04,0.0,4.0
54.05,0.0,3.0
54.07,0.0,2.0
54.08,0.0,6.0
54.09,0.0,1.0
54.1,0.0,2.0
54.11,0.0,3.0
54.12,0.0,2.0
54.13,0.0,1.0
54.14,0.0,3.0
54.15,0.0,3.0
54.17,0.0,3.0
54.18,0.0,1.0
54.19,0.0,10.0
54.2,0.0,2.0
54.22,0.0,2.0
54.23,0.0,1.0
54.24,0.0,1.0
54.25,0.0,7.0
54.26,0.0,3.0
54.28,0.0,1.0
54.3,0.0,3.0
54.31,0.0,2.0
54.32,0.0,1.0
54.34,0.0,3.0
54.35,0.0,1.0
54.36,0.0,1.0
54.37,0.0,4.0
54.39,0.0,4.0
54.4,0.0,3.0
54.41,0.0,1.0
54.42,0.0,1.0
54.43,0.0,1.0
54.44,0.0,4.0
54.46,0.0,3.0
54.46,1.0,1.0
54.48,0.0,1.0
54.49,0.0,1.0
54.5,0.0,3.0
54.55,0.0,7.0
54.59,0.0,3.0
54.6,0.0,2.0
54.61,0.0,1.0
54.62,0.0,1.0
54.68,0.0,2.0
54.69,0.0,2.0
54.71,0.0,1.0
54.73,0.0,1.0
54.74,0.0,2.0
54.75,0.0,1.0
54.76,0.0,1.0
54.77,0.0,1.0
54.78,0.0,1.0
54.79,0.0,3.0
54.82,0.0,2.0
54.84,0.0,1.0
54.85,0.0,2.0
54.9,0.0,1.0
54.91,0.0,1.0
54.97,0.0,1.0
55.06,0.0,2.0
55.07,0.0,1.0
55.14,0.0,1.0
55.17,0.0,2.0
55.19,0.0,3.0
55.21,0.0,1.0
55.25,0.0,1.0
55.26,0.0,2.0
55.31,0.0,1.0
55.32,0.0,1.0
55.33,0.0,1.0
55.36,0.0,1.0
55.42,0.0,1.0
55.43,0.0,2.0
55.46,0.0,1.0
55.49,0.0,1.0
55.59,0.0,1.0
55.6,0.0,1.0
55.62,0.0,1.0
55.62,1.0,1.0
55.84,0.0,1.0
55.85,0.0,1.0
55.94,0.0,1.0
55.98,0.0,1.0
56.01,0.0,1.0
56.13,0.0,2.0
56.15,1.0,1.0
56.17,0.0,1.0
56.18,0.0,1.0
56.25,0.0,1.0
56.28,0.0,1.0
56.39,0.0,1.0
56.46,0.0,1.0
56.48,0.0,1.0
56.49,0.0,1.0
56.61,0.0,1.0
56.65,0.0,1.0
56.7,0.0,1.0
56.89,0.0,1.0
56.93,0.0,1.0
56.97,0.0,1.0
57.03,0.0,1.0
57.06,0.0,1.0
57.14,0.0,2.0
57.37,0.0,1.0
57.47,0.0,1.0
57.56,0.0,1.0
57.67,0.0,1.0
58.12,1.0,1.0
58.14,0.0,1.0
58.27,1.0,1.0
58.37,0.0,1.0
58.72,1.0,1.0
58.79,0.0,1.0
58.99,0.0,1.0
59.07,0.0,1.0
59.18,0.0,1.0
59.19,0.0,1.0
59.21,0.0,1.0
59.25,0.0,1.0
59.35,0.0,1.0
59.54,0.0,1.0
59.57,1.0,1.0
59.72,0.0,2.0
59.74,0.0,1.0
59.83,0.0,1.0
59.89,0.0,1.0
60.0,0.0,1.0
60.83,0.0,1.0
60.98,0.0,1.0
61.11,0.0,1.0
61.62,0.0,1.0
61.78,0.0,1.0
62.1,0.0,1.0
62.15,0.0,1.0
62.24,0.0,1.0
62.56,0.0,1.0
62.66,0.0,1.0
62.83,0.0,1.0
63.03,0.0,1.0
63.58,0.0,1.0
63.7,0.0,1.0
63.76,0.0,1.0
64.13,0.0,1.0
64.51,0.0,1.0
64.52,0.0,1.0
64.93,0.0,1.0
64.99,0.0,1.0
65.09,0.0,1.0
65.89,0.0,1.0
67.23,0.0,1.0	seq_score,mapped,occurence
39.51,0.0,1.0
44.97,0.0,1.0
45.48,0.0,1.0
45.5,0.0,1.0
45.73,0.0,1.0
45.78,0.0,1.0
46.32,0.0,1.0
46.57,0.0,1.0
47.31,0.0,1.0
47.51,0.0,1.0
47.52,0.0,1.0
47.77,0.0,1.0
47.88,0.0,1.0
47.9,0.0,1.0
48.23,0.0,1.0
48.29,0.0,1.0
48.56,0.0,1.0
48.57,0.0,1.0
48.66,0.0,1.0
48.81,0.0,1.0
48.91,0.0,2.0
49.0,0.0,1.0
49.04,0.0,1.0
49.07,0.0,1.0
49.08,0.0,1.0
49.15,0.0,2.0
49.25,0.0,1.0
49.27,0.0,1.0
49.29,0.0,1.0
49.33,0.0,1.0
49.34,0.0,1.0
49.35,0.0,1.0
49.48,0.0,1.0
49.58,0.0,1.0
49.68,0.0,1.0
49.7,0.0,2.0
49.77,0.0,1.0
49.78,0.0,1.0
49.8,0.0,1.0
49.81,1.0,1.0
49.86,0.0,1.0
49.87,0.0,1.0
49.88,0.0,2.0
49.9,0.0,2.0
49.94,0.0,1.0
49.96,1.0,1.0
49.97,0.0,2.0
50.03,0.0,1.0
50.08,0.0,1.0
50.11,0.0,1.0
50.16,0.0,1.0
50.17,0.0,1.0
50.24,0.0,1.0
50.3,0.0,1.0
50.31,0.0,1.0
50.32,0.0,1.0
50.35,0.0,3.0
50.37,0.0,1.0
50.42,0.0,1.0
50.43,0.0,1.0
50.46,0.0,1.0
50.47,0.0,1.0
50.49,0.0,1.0
50.5,0.0,1.0
50.52,0.0,1.0
50.54,0.0,1.0
50.57,0.0,1.0
50.6,0.0,1.0
50.66,0.0,1.0
50.72,0.0,1.0
50.73,0.0,1.0
50.77,0.0,1.0
50.8,0.0,1.0
50.82,0.0,1.0
50.83,0.0,2.0
50.84,0.0,1.0
50.92,0.0,1.0
50.96,0.0,1.0
50.98,0.0,1.0
51.02,0.0,1.0
51.03,0.0,1.0
51.04,0.0,1.0
51.06,0.0,1.0
51.11,0.0,2.0
51.13,0.0,1.0
51.19,0.0,1.0
51.21,0.0,1.0
51.23,0.0,2.0
51.25,0.0,1.0
51.32,0.0,1.0
51.36,0.0,1.0
51.37,0.0,1.0
51.45,0.0,1.0
51.47,0.0,2.0
51.52,0.0,2.0
51.54,0.0,2.0
51.55,0.0,1.0
51.57,0.0,1.0
51.58,0.0,1.0
51.59,0.0,1.0
51.69,0.0,1.0
51.69,1.0,1.0
51.71,0.0,1.0
51.72,0.0,1.0
51.79,0.0,1.0
51.8,0.0,1.0
51.81,0.0,1.0
51.82,0.0,1.0
51.84,0.0,1.0
51.89,0.0,1.0
51.9,0.0,1.0
51.93,0.0,1.0
51.96,0.0,1.0
51.98,0.0,1.0
52.0,0.0,1.0
52.01,0.0,2.0
52.02,0.0,1.0
52.04,0.0,1.0
52.05,0.0,1.0
52.06,0.0,1.0
52.06,1.0,1.0
52.07,0.0,1.0
52.08,0.0,2.0
52.09,0.0,1.0
52.15,0.0,1.0
52.16,0.0,1.0
52.22,0.0,2.0
52.24,0.0,4.0
52.28,0.0,1.0
52.29,0.0,2.0
52.31,0.0,1.0
52.32,0.0,1.0
52.33,0.0,1.0
52.35,0.0,1.0
52.36,0.0,1.0
52.39,0.0,1.0
52.42,0.0,1.0
52.44,0.0,1.0
52.46,0.0,1.0
52.47,0.0,1.0
52.48,0.0,1.0
52.49,0.0,1.0
52.5,0.0,1.0
52.53,0.0,2.0
52.55,0.0,1.0
52.56,0.0,1.0
52.58,0.0,1.0
52.59,0.0,1.0
52.6,0.0,1.0
52.63,0.0,1.0
52.65,0.0,1.0
52.67,0.0,2.0
52.68,0.0,1.0
52.72,0.0,1.0
52.74,0.0,1.0
52.75,0.0,2.0
52.76,0.0,1.0
52.79,0.0,1.0
52.79,1.0,1.0
52.8,0.0,1.0
52.81,0.0,2.0
52.82,0.0,1.0
52.83,0.0,4.0
52.89,0.0,3.0
52.92,0.0,1.0
52.93,0.0,1.0
52.95,0.0,2.0
52.97,0.0,2.0
52.98,0.0,1.0
52.99,0.0,1.0
53.0,0.0,2.0
53.01,0.0,1.0
53.02,0.0,2.0
53.04,0.0,1.0
53.05,0.0,1.0
53.07,0.0,1.0
53.08,0.0,1.0
53.1,0.0,1.0
53.11,0.0,1.0
53.12,1.0,1.0
53.14,0.0,2.0
53.15,0.0,2.0
53.18,0.0,1.0
53.2,0.0,2.0
53.21,0.0,1.0
53.24,0.0,2.0
53.25,0.0,1.0
53.26,0.0,1.0
53.27,1.0,2.0
53.28,0.0,1.0
53.29,0.0,3.0
53.3,0.0,1.0
53.34,0.0,3.0
53.38,0.0,1.0
53.39,0.0,2.0
53.4,0.0,1.0
53.41,0.0,1.0
53.43,0.0,3.0
53.45,0.0,1.0
53.47,0.0,1.0
53.49,0.0,2.0
53.5,0.0,2.0
53.53,0.0,1.0
53.55,0.0,2.0
53.58,0.0,1.0
53.59,0.0,1.0
53.6,0.0,5.0
53.61,0.0,2.0
53.64,0.0,1.0
53.65,0.0,2.0
53.66,0.0,3.0
53.68,0.0,3.0
53.69,0.0,3.0
53.7,0.0,1.0
53.72,0.0,2.0
53.74,0.0,1.0
53.75,0.0,1.0
53.76,0.0,2.0
53.77,0.0,2.0
53.81,0.0,2.0
53.82,0.0,2.0
53.83,0.0,1.0
53.84,0.0,1.0
53.88,0.0,1.0
53.92,0.0,1.0
53.93,0.0,1.0
53.94,0.0,1.0
53.95,0.0,1.0
53.97,0.0,1.0
54.01,0.0,1.0
54.02,1.0,1.0
54.03,0.0,1.0
54.05,0.0,1.0
54.07,0.0,1.0
54.08,0.0,1.0
54.11,0.0,1.0
54.12,0.0,3.0
54.14,0.0,1.0
54.15,0.0,1.0
54.16,0.0,4.0
54.17,0.0,1.0
54.2,0.0,1.0
54.22,0.0,1.0
54.23,0.0,1.0
54.25,1.0,1.0
54.26,0.0,1.0
54.27,0.0,1.0
54.28,0.0,2.0
54.29,0.0,2.0
54.3,0.0,1.0
54.31,0.0,1.0
54.32,0.0,2.0
54.34,0.0,1.0
54.35,0.0,2.0
54.36,0.0,3.0
54.37,0.0,1.0
54.39,0.0,1.0
54.4,0.0,1.0
54.41,0.0,2.0
54.42,0.0,1.0
54.43,0.0,2.0
54.44,0.0,3.0
54.45,0.0,1.0
54.46,0.0,4.0
54.47,0.0,2.0
54.48,0.0,1.0
54.49,0.0,3.0
54.5,0.0,1.0
54.51,0.0,1.0
54.52,0.0,2.0
54.53,0.0,2.0
54.55,0.0,1.0
54.57,0.0,1.0
54.58,0.0,1.0
54.59,0.0,4.0
54.6,0.0,2.0
54.61,0.0,2.0
54.62,0.0,2.0
54.63,0.0,2.0
54.65,0.0,2.0
54.67,0.0,1.0
54.68,0.0,1.0
54.69,0.0,2.0
54.71,0.0,1.0
54.72,0.0,2.0
54.75,0.0,2.0
54.78,0.0,1.0
54.79,0.0,2.0
54.8,0.0,2.0
54.82,0.0,3.0
54.83,0.0,2.0
54.84,0.0,1.0
54.86,0.0,1.0
54.87,0.0,2.0
54.91,0.0,2.0
54.92,0.0,4.0
54.94,0.0,4.0
54.94,1.0,1.0
54.95,0.0,2.0
54.97,0.0,1.0
54.97,1.0,1.0
55.0,0.0,1.0
55.01,0.0,3.0
55.02,0.0,1.0
55.05,0.0,1.0
55.06,0.0,1.0
55.07,0.0,1.0
55.08,0.0,3.0
55.1,0.0,2.0
55.11,0.0,1.0
55.13,0.0,4.0
55.14,0.0,3.0
55.15,0.0,2.0
55.16,0.0,2.0
55.17,0.0,2.0
55.18,0.0,3.0
55.19,0.0,2.0
55.21,0.0,1.0
55.22,0.0,1.0
55.23,0.0,3.0
55.24,0.0,2.0
55.25,0.0,4.0
55.26,0.0,2.0
55.27,0.0,3.0
55.28,0.0,1.0
55.29,0.0,1.0
55.31,0.0,1.0
55.32,0.0,1.0
55.33,0.0,1.0
55.34,0.0,2.0
55.38,0.0,2.0
55.39,0.0,1.0
55.4,0.0,4.0
55.41,0.0,1.0
55.42,0.0,1.0
55.43,0.0,1.0
55.45,0.0,2.0
55.46,0.0,2.0
55.48,0.0,3.0
55.49,0.0,3.0
55.5,0.0,2.0
55.5,1.0,1.0
55.51,0.0,2.0
55.52,0.0,2.0
55.53,0.0,1.0
55.54,0.0,2.0
55.55,0.0,1.0
55.56,0.0,2.0
55.57,0.0,2.0
55.58,0.0,1.0
55.59,0.0,2.0
55.6,0.0,2.0
55.61,0.0,1.0
55.62,0.0,1.0
55.64,0.0,3.0
55.65,0.0,3.0
55.66,0.0,2.0
55.69,0.0,1.0
55.7,1.0,1.0
55.71,0.0,2.0
55.72,0.0,2.0
55.73,0.0,2.0
55.74,0.0,2.0
55.76,0.0,2.0
55.77,0.0,5.0
55.78,0.0,1.0
55.79,0.0,3.0
55.8,0.0,2.0
55.8,1.0,1.0
55.81,0.0,1.0
55.82,0.0,3.0
55.84,0.0,2.0
55.85,0.0,1.0
55.85,1.0,1.0
55.86,0.0,4.0
55.87,0.0,5.0
55.9,0.0,3.0
55.91,0.0,1.0
55.92,0.0,1.0
55.93,0.0,1.0
55.95,0.0,1.0
55.96,0.0,4.0
55.97,0.0,1.0
55.99,0.0,1.0
56.0,0.0,2.0
56.01,0.0,1.0
56.02,0.0,1.0
56.04,0.0,1.0
56.05,0.0,2.0
56.06,0.0,1.0
56.07,0.0,1.0
56.08,0.0,3.0
56.1,0.0,4.0
56.11,0.0,4.0
56.12,0.0,1.0
56.13,0.0,3.0
56.14,0.0,2.0
56.14,1.0,1.0
56.15,0.0,3.0
56.17,0.0,1.0
56.19,0.0,2.0
56.21,0.0,2.0
56.22,0.0,1.0
56.23,0.0,2.0
56.24,0.0,1.0
56.25,0.0,1.0
56.27,1.0,1.0
56.28,0.0,1.0
56.29,0.0,2.0
56.3,0.0,3.0
56.31,0.0,4.0
56.32,0.0,2.0
56.33,0.0,4.0
56.34,0.0,4.0
56.35,0.0,3.0
56.36,0.0,2.0
56.37,0.0,2.0
56.38,0.0,5.0
56.39,0.0,2.0
56.4,0.0,1.0
56.41,0.0,2.0
56.42,0.0,1.0
56.46,0.0,6.0
56.48,0.0,2.0
56.5,0.0,3.0
56.51,0.0,1.0
56.52,0.0,2.0
56.53,0.0,2.0
56.54,0.0,2.0
56.55,0.0,4.0
56.56,0.0,5.0
56.57,0.0,6.0
56.59,0.0,2.0
56.6,0.0,1.0
56.61,0.0,3.0
56.63,0.0,1.0
56.64,0.0,3.0
56.65,0.0,2.0
56.66,0.0,1.0
56.67,0.0,4.0
56.68,0.0,1.0
56.69,0.0,3.0
56.71,0.0,3.0
56.72,0.0,1.0
56.73,0.0,2.0
56.74,0.0,1.0
56.75,0.0,2.0
56.76,0.0,1.0
56.77,0.0,1.0
56.78,0.0,5.0
56.79,0.0,4.0
56.8,0.0,3.0
56.81,0.0,2.0
56.82,0.0,2.0
56.83,0.0,1.0
56.84,0.0,1.0
56.85,0.0,3.0
56.86,0.0,1.0
56.86,1.0,1.0
56.87,0.0,1.0
56.88,0.0,1.0
56.89,0.0,3.0
56.9,0.0,1.0
56.91,0.0,2.0
56.92,0.0,1.0
56.93,1.0,1.0
56.94,0.0,2.0
56.95,0.0,2.0
56.96,0.0,3.0
56.97,0.0,2.0
56.98,0.0,3.0
56.99,0.0,2.0
57.0,0.0,3.0
57.01,0.0,4.0
57.02,0.0,1.0
57.03,0.0,4.0
57.04,0.0,2.0
57.05,0.0,1.0
57.05,1.0,1.0
57.06,0.0,4.0
57.07,0.0,1.0
57.09,0.0,1.0
57.1,0.0,1.0
57.11,0.0,1.0
57.12,0.0,1.0
57.13,0.0,1.0
57.14,0.0,2.0
57.15,0.0,5.0
57.16,0.0,4.0
57.17,0.0,2.0
57.18,0.0,2.0
57.18,1.0,1.0
57.2,0.0,4.0
57.21,0.0,1.0
57.22,0.0,3.0
57.23,0.0,2.0
57.24,0.0,3.0
57.25,0.0,1.0
57.26,0.0,5.0
57.27,0.0,2.0
57.28,0.0,1.0
57.29,0.0,2.0
57.3,0.0,1.0
57.31,0.0,4.0
57.32,0.0,4.0
57.33,0.0,1.0
57.34,0.0,3.0
57.34,1.0,1.0
57.35,0.0,5.0
57.36,0.0,4.0
57.37,0.0,1.0
57.38,0.0,3.0
57.39,0.0,1.0
57.4,0.0,1.0
57.41,0.0,3.0
57.42,0.0,1.0
57.42,1.0,1.0
57.43,0.0,2.0
57.44,0.0,3.0
57.45,0.0,2.0
57.46,0.0,2.0
57.47,0.0,1.0
57.48,0.0,1.0
57.49,0.0,4.0
57.5,0.0,4.0
57.51,0.0,2.0
57.52,0.0,2.0
57.53,0.0,1.0
57.54,0.0,5.0
57.55,0.0,1.0
57.56,0.0,2.0
57.56,1.0,1.0
57.57,0.0,2.0
57.58,0.0,2.0
57.59,0.0,3.0
57.59,1.0,1.0
57.6,0.0,1.0
57.61,0.0,3.0
57.62,0.0,1.0
57.63,0.0,1.0
57.64,0.0,5.0
57.65,0.0,5.0
57.66,0.0,4.0
57.67,0.0,2.0
57.69,0.0,5.0
57.7,1.0,1.0
57.71,0.0,2.0
57.72,0.0,6.0
57.73,0.0,5.0
57.74,0.0,5.0
57.75,0.0,3.0
57.75,1.0,1.0
57.76,0.0,3.0
57.77,0.0,3.0
57.77,1.0,1.0
57.78,0.0,6.0
57.8,0.0,8.0
57.81,0.0,2.0
57.82,0.0,1.0
57.83,0.0,1.0
57.84,0.0,4.0
57.85,0.0,2.0
57.86,0.0,3.0
57.87,0.0,4.0
57.88,0.0,1.0
57.89,0.0,1.0
57.9,0.0,1.0
57.91,0.0,4.0
57.92,0.0,4.0
57.93,0.0,2.0
57.94,0.0,3.0
57.95,0.0,7.0
57.96,0.0,2.0
57.97,0.0,1.0
57.98,0.0,4.0
57.99,0.0,3.0
58.0,0.0,3.0
58.01,0.0,2.0
58.02,0.0,2.0
58.03,0.0,1.0
58.04,0.0,2.0
58.05,0.0,3.0
58.06,0.0,7.0
58.07,0.0,6.0
58.08,0.0,4.0
58.09,0.0,2.0
58.1,0.0,3.0
58.11,0.0,4.0
58.12,0.0,3.0
58.12,1.0,1.0
58.13,0.0,2.0
58.14,0.0,2.0
58.15,1.0,1.0
58.17,0.0,2.0
58.18,0.0,1.0
58.19,0.0,1.0
58.2,0.0,3.0
58.21,0.0,3.0
58.23,0.0,5.0
58.24,0.0,3.0
58.25,0.0,4.0
58.26,0.0,5.0
58.26,1.0,1.0
58.27,0.0,3.0
58.28,0.0,4.0
58.29,0.0,1.0
58.3,0.0,2.0
58.31,0.0,2.0
58.32,0.0,4.0
58.33,0.0,1.0
58.34,0.0,4.0
58.35,0.0,3.0
58.36,0.0,3.0
58.37,0.0,5.0
58.38,0.0,2.0
58.39,1.0,1.0
58.4,0.0,7.0
58.41,0.0,3.0
58.42,0.0,3.0
58.43,0.0,5.0
58.44,0.0,1.0
58.45,0.0,3.0
58.46,0.0,4.0
58.47,0.0,4.0
58.48,0.0,2.0
58.49,0.0,1.0
58.5,0.0,4.0
58.52,0.0,6.0
58.53,0.0,1.0
58.54,0.0,3.0
58.55,0.0,2.0
58.56,0.0,5.0
58.57,0.0,3.0
58.58,0.0,5.0
58.6,0.0,3.0
58.61,0.0,2.0
58.61,1.0,1.0
58.62,0.0,2.0
58.63,0.0,2.0
58.63,1.0,1.0
58.64,0.0,4.0
58.65,0.0,6.0
58.66,0.0,5.0
58.67,0.0,3.0
58.68,0.0,3.0
58.69,0.0,1.0
58.7,0.0,3.0
58.71,0.0,5.0
58.72,0.0,3.0
58.73,0.0,2.0
58.74,0.0,3.0
58.75,0.0,4.0
58.76,0.0,5.0
58.77,0.0,3.0
58.78,0.0,2.0
58.79,0.0,4.0
58.8,0.0,3.0
58.81,0.0,6.0
58.82,0.0,6.0
58.83,0.0,2.0
58.84,0.0,3.0
58.85,0.0,7.0
58.86,0.0,1.0
58.86,1.0,1.0
58.87,0.0,3.0
58.88,0.0,3.0
58.89,0.0,5.0
58.9,0.0,6.0
58.91,0.0,1.0
58.92,0.0,4.0
58.93,0.0,4.0
58.94,0.0,5.0
58.95,0.0,5.0
58.96,0.0,8.0
58.97,0.0,3.0
58.98,0.0,1.0
58.99,0.0,5.0
59.0,0.0,4.0
59.02,0.0,2.0
59.03,0.0,2.0
59.04,0.0,5.0
59.05,0.0,3.0
59.06,0.0,2.0
59.07,0.0,4.0
59.08,0.0,7.0
59.09,0.0,8.0
59.1,0.0,2.0
59.11,0.0,3.0
59.12,0.0,2.0
59.13,0.0,2.0
59.14,0.0,2.0
59.15,0.0,3.0
59.16,0.0,3.0
59.17,0.0,3.0
59.18,0.0,2.0
59.19,0.0,6.0
59.2,0.0,6.0
59.21,0.0,2.0
59.22,0.0,6.0
59.23,0.0,4.0
59.24,0.0,3.0
59.25,0.0,9.0
59.26,0.0,8.0
59.27,0.0,4.0
59.28,0.0,1.0
59.29,0.0,3.0
59.3,0.0,3.0
59.31,0.0,6.0
59.32,0.0,5.0
59.33,0.0,1.0
59.34,0.0,2.0
59.35,0.0,3.0
59.36,0.0,2.0
59.37,0.0,9.0
59.38,0.0,3.0
59.39,0.0,4.0
59.4,0.0,2.0
59.41,0.0,2.0
59.42,0.0,6.0
59.43,0.0,1.0
59.44,0.0,5.0
59.45,0.0,6.0
59.46,0.0,5.0
59.47,0.0,5.0
59.48,0.0,2.0
59.48,1.0,1.0
59.49,0.0,4.0
59.5,0.0,2.0
59.51,0.0,5.0
59.52,0.0,4.0
59.53,0.0,5.0
59.54,0.0,8.0
59.55,0.0,6.0
59.56,0.0,5.0
59.57,0.0,7.0
59.58,0.0,7.0
59.59,0.0,7.0
59.6,0.0,2.0
59.61,0.0,3.0
59.61,1.0,1.0
59.62,0.0,5.0
59.63,0.0,4.0
59.63,1.0,1.0
59.64,0.0,5.0
59.65,0.0,8.0
59.66,0.0,4.0
59.67,0.0,2.0
59.68,0.0,4.0
59.69,0.0,7.0
59.7,0.0,1.0
59.71,0.0,6.0
59.71,1.0,1.0
59.72,0.0,2.0
59.73,0.0,6.0
59.74,0.0,3.0
59.75,0.0,3.0
59.76,0.0,4.0
59.77,0.0,6.0
59.78,0.0,5.0
59.79,0.0,6.0
59.8,0.0,7.0
59.81,0.0,8.0
59.82,0.0,7.0
59.83,0.0,4.0
59.84,0.0,4.0
59.85,0.0,7.0
59.86,0.0,5.0
59.87,0.0,3.0
59.88,0.0,4.0
59.88,1.0,1.0
59.89,0.0,6.0
59.9,0.0,4.0
59.91,0.0,4.0
59.92,0.0,6.0
59.93,0.0,5.0
59.94,0.0,8.0
59.95,0.0,2.0
59.96,0.0,6.0
59.97,0.0,5.0
59.98,0.0,9.0
59.99,0.0,7.0
60.0,0.0,1.0
60.01,0.0,8.0
60.02,0.0,1.0
60.02,1.0,1.0
60.03,0.0,5.0
60.04,0.0,4.0
60.05,0.0,8.0
60.06,0.0,1.0
60.06,1.0,1.0
60.07,0.0,5.0
60.08,0.0,3.0
60.09,0.0,7.0
60.1,0.0,2.0
60.11,0.0,5.0
60.12,0.0,7.0
60.13,0.0,5.0
60.13,1.0,1.0
60.14,0.0,2.0
60.15,0.0,4.0
60.16,0.0,3.0
60.17,0.0,8.0
60.17,1.0,1.0
60.18,0.0,2.0
60.19,0.0,6.0
60.2,0.0,8.0
60.21,0.0,6.0
60.22,0.0,10.0
60.22,1.0,1.0
60.23,0.0,5.0
60.24,0.0,4.0
60.25,0.0,5.0
60.26,0.0,3.0
60.27,0.0,4.0
60.28,0.0,3.0
60.29,0.0,3.0
60.3,0.0,8.0
60.31,0.0,9.0
60.32,0.0,4.0
60.33,0.0,5.0
60.34,0.0,4.0
60.35,0.0,5.0
60.36,0.0,9.0
60.37,0.0,3.0
60.38,0.0,5.0
60.39,0.0,3.0
60.4,0.0,6.0
60.41,0.0,3.0
60.42,0.0,3.0
60.43,0.0,10.0
60.44,0.0,7.0
60.45,0.0,3.0
60.46,0.0,5.0
60.47,0.0,9.0
60.48,0.0,2.0
60.49,0.0,6.0
60.5,0.0,7.0
60.51,0.0,6.0
60.52,0.0,2.0
60.53,0.0,5.0
60.54,0.0,3.0
60.55,0.0,1.0
60.56,0.0,4.0
60.57,0.0,8.0
60.58,0.0,7.0
60.59,0.0,8.0
60.6,0.0,1.0
60.61,0.0,4.0
60.62,0.0,7.0
60.63,0.0,5.0
60.64,0.0,4.0
60.65,0.0,2.0
60.66,0.0,6.0
60.67,0.0,3.0
60.67,1.0,1.0
60.68,0.0,8.0
60.69,0.0,3.0
60.69,1.0,1.0
60.7,0.0,5.0
60.71,0.0,10.0
60.71,1.0,1.0
60.72,0.0,2.0
60.73,0.0,4.0
60.74,0.0,5.0
60.74,1.0,1.0
60.75,0.0,6.0
60.76,0.0,10.0
60.77,0.0,10.0
60.78,0.0,3.0
60.79,0.0,4.0
60.8,0.0,8.0
60.8,1.0,1.0
60.81,0.0,13.0
60.82,0.0,5.0
60.83,0.0,4.0
60.83,1.0,1.0
60.84,0.0,4.0
60.85,0.0,5.0
60.86,0.0,4.0
60.87,0.0,5.0
60.88,0.0,10.0
60.89,0.0,6.0
60.9,0.0,5.0
60.91,0.0,8.0
60.92,0.0,8.0
60.93,0.0,3.0
60.94,0.0,3.0
60.95,0.0,6.0
60.96,0.0,6.0
60.97,0.0,5.0
60.97,1.0,1.0
60.98,0.0,6.0
60.99,0.0,8.0
61.0,0.0,5.0
61.01,0.0,5.0
61.02,0.0,11.0
61.03,0.0,2.0
61.03,1.0,2.0
61.04,0.0,9.0
61.05,0.0,7.0
61.06,0.0,7.0
61.07,0.0,12.0
61.07,1.0,1.0
61.08,0.0,5.0
61.09,0.0,9.0
61.1,0.0,5.0
61.11,0.0,7.0
61.12,0.0,5.0
61.13,0.0,8.0
61.14,0.0,4.0
61.15,0.0,3.0
61.16,0.0,6.0
61.17,0.0,9.0
61.18,0.0,7.0
61.19,0.0,4.0
61.2,0.0,8.0
61.21,0.0,4.0
61.22,0.0,2.0
61.23,0.0,5.0
61.24,0.0,6.0
61.25,0.0,5.0
61.26,0.0,6.0
61.27,0.0,8.0
61.28,0.0,4.0
61.29,0.0,8.0
61.3,0.0,10.0
61.31,0.0,7.0
61.31,1.0,1.0
61.32,0.0,4.0
61.33,0.0,4.0
61.34,0.0,11.0
61.35,0.0,6.0
61.36,0.0,3.0
61.37,0.0,7.0
61.38,0.0,6.0
61.39,0.0,5.0
61.4,0.0,4.0
61.41,0.0,7.0
61.42,0.0,6.0
61.43,0.0,6.0
61.44,0.0,10.0
61.44,1.0,1.0
61.45,0.0,6.0
61.46,0.0,10.0
61.46,1.0,1.0
61.47,0.0,15.0
61.48,0.0,10.0
61.49,0.0,3.0
61.5,0.0,4.0
61.51,0.0,7.0
61.52,0.0,7.0
61.52,1.0,1.0
61.53,0.0,5.0
61.54,0.0,4.0
61.54,1.0,1.0
61.55,0.0,10.0
61.56,0.0,6.0
61.57,0.0,2.0
61.58,0.0,11.0
61.59,0.0,5.0
61.6,0.0,13.0
61.61,0.0,5.0
61.61,1.0,1.0
61.62,0.0,7.0
61.63,0.0,12.0
61.64,0.0,2.0
61.65,0.0,14.0
61.66,0.0,8.0
61.67,0.0,12.0
61.68,0.0,3.0
61.69,0.0,5.0
61.7,0.0,9.0
61.7,1.0,1.0
61.71,0.0,7.0
61.72,0.0,5.0
61.73,0.0,8.0
61.74,0.0,5.0
61.75,0.0,6.0
61.76,0.0,10.0
61.77,0.0,3.0
61.78,0.0,8.0
61.79,0.0,7.0
61.8,0.0,6.0
61.81,0.0,12.0
61.82,0.0,8.0
61.83,0.0,4.0
61.84,0.0,6.0
61.85,0.0,8.0
61.86,0.0,11.0
61.86,1.0,1.0
61.87,0.0,3.0
61.88,0.0,7.0
61.89,0.0,9.0
61.9,0.0,6.0
61.91,0.0,5.0
61.92,0.0,8.0
61.92,1.0,1.0
61.93,0.0,7.0
61.93,1.0,1.0
61.94,0.0,7.0
61.95,0.0,2.0
61.96,0.0,10.0
61.97,0.0,9.0
61.98,0.0,2.0
61.99,0.0,7.0
62.0,0.0,7.0
62.01,0.0,10.0
62.02,0.0,4.0
62.03,0.0,7.0
62.04,0.0,3.0
62.05,0.0,8.0
62.06,0.0,18.0
62.07,0.0,7.0
62.08,0.0,10.0
62.09,0.0,8.0
62.09,1.0,1.0
62.1,0.0,2.0
62.1,1.0,1.0
62.11,0.0,9.0
62.12,0.0,9.0
62.13,0.0,5.0
62.14,0.0,7.0
62.15,0.0,6.0
62.16,0.0,7.0
62.17,0.0,9.0
62.18,0.0,7.0
62.19,0.0,4.0
62.2,0.0,9.0
62.21,0.0,7.0
62.22,0.0,9.0
62.23,0.0,7.0
62.24,0.0,10.0
62.24,1.0,1.0
62.25,0.0,12.0
62.26,0.0,5.0
62.27,0.0,10.0
62.28,0.0,8.0
62.28,1.0,1.0
62.29,0.0,13.0
62.3,0.0,7.0
62.31,0.0,14.0
62.31,1.0,2.0
62.32,0.0,7.0
62.33,0.0,7.0
62.34,0.0,8.0
62.34,1.0,3.0
62.35,0.0,10.0
62.36,0.0,10.0
62.36,1.0,1.0
62.37,0.0,8.0
62.38,0.0,8.0
62.39,0.0,9.0
62.4,0.0,9.0
62.41,0.0,8.0
62.41,1.0,1.0
62.42,0.0,10.0
62.42,1.0,1.0
62.43,0.0,10.0
62.44,0.0,5.0
62.45,0.0,8.0
62.46,0.0,13.0
62.47,0.0,14.0
62.48,0.0,8.0
62.48,1.0,1.0
62.49,0.0,9.0
62.49,1.0,1.0
62.5,0.0,8.0
62.51,0.0,9.0
62.51,1.0,1.0
62.52,0.0,9.0
62.53,0.0,7.0
62.54,0.0,9.0
62.55,0.0,11.0
62.56,0.0,6.0
62.56,1.0,1.0
62.57,0.0,17.0
62.58,0.0,8.0
62.59,0.0,18.0
62.59,1.0,1.0
62.6,0.0,6.0
62.61,0.0,13.0
62.62,0.0,10.0
62.63,0.0,4.0
62.64,0.0,9.0
62.65,0.0,9.0
62.66,0.0,18.0
62.67,0.0,12.0
62.68,0.0,3.0
62.69,0.0,15.0
62.7,0.0,9.0
62.71,0.0,9.0
62.72,0.0,9.0
62.73,0.0,13.0
62.74,0.0,7.0
62.75,0.0,5.0
62.76,0.0,7.0
62.77,0.0,10.0
62.78,0.0,15.0
62.79,0.0,9.0
62.8,0.0,8.0
62.81,0.0,13.0
62.81,1.0,1.0
62.82,0.0,11.0
62.83,0.0,8.0
62.84,0.0,10.0
62.85,0.0,9.0
62.86,0.0,11.0
62.87,0.0,14.0
62.88,0.0,12.0
62.89,0.0,6.0
62.89,1.0,1.0
62.9,0.0,8.0
62.91,0.0,12.0
62.92,0.0,9.0
62.93,0.0,12.0
62.94,0.0,6.0
62.95,0.0,8.0
62.96,0.0,11.0
62.97,0.0,8.0
62.98,0.0,8.0
62.99,0.0,13.0
63.0,0.0,5.0
63.01,0.0,17.0
63.02,0.0,8.0
63.03,0.0,12.0
63.03,1.0,1.0
63.04,0.0,10.0
63.05,0.0,9.0
63.06,0.0,9.0
63.07,0.0,10.0
63.08,0.0,10.0
63.09,0.0,5.0
63.09,1.0,2.0
63.1,0.0,6.0
63.11,0.0,11.0
63.12,0.0,14.0
63.13,0.0,12.0
63.14,0.0,13.0
63.15,0.0,4.0
63.16,0.0,9.0
63.17,0.0,11.0
63.17,1.0,1.0
63.18,0.0,4.0
63.19,0.0,10.0
63.19,1.0,1.0
63.2,0.0,10.0
63.21,0.0,6.0
63.22,0.0,12.0
63.23,0.0,9.0
63.24,0.0,8.0
63.25,0.0,10.0
63.26,0.0,8.0
63.27,0.0,10.0
63.28,0.0,10.0
63.29,0.0,15.0
63.3,0.0,7.0
63.31,0.0,9.0
63.32,0.0,8.0
63.33,0.0,13.0
63.34,0.0,10.0
63.35,0.0,9.0
63.36,0.0,14.0
63.37,0.0,8.0
63.37,1.0,1.0
63.38,0.0,8.0
63.39,0.0,8.0
63.4,0.0,9.0
63.41,0.0,10.0
63.42,0.0,17.0
63.43,0.0,8.0
63.44,0.0,10.0
63.45,0.0,11.0
63.46,0.0,6.0
63.47,0.0,6.0
63.48,0.0,7.0
63.48,1.0,1.0
63.49,0.0,10.0
63.5,0.0,6.0
63.51,0.0,8.0
63.52,0.0,10.0
63.53,0.0,10.0
63.54,0.0,4.0
63.55,0.0,6.0
63.56,0.0,10.0
63.57,0.0,8.0
63.58,0.0,9.0
63.59,0.0,11.0
63.6,0.0,10.0
63.61,0.0,9.0
63.62,0.0,10.0
63.62,1.0,1.0
63.63,0.0,8.0
63.64,0.0,10.0
63.65,0.0,18.0
63.66,0.0,8.0
63.67,0.0,11.0
63.68,0.0,5.0
63.69,0.0,11.0
63.7,0.0,4.0
63.71,0.0,9.0
63.72,0.0,12.0
63.73,0.0,13.0
63.74,0.0,9.0
63.74,1.0,1.0
63.75,0.0,16.0
63.75,1.0,1.0
63.76,0.0,8.0
63.76,1.0,1.0
63.77,0.0,8.0
63.78,0.0,4.0
63.79,0.0,12.0
63.8,0.0,6.0
63.81,0.0,14.0
63.81,1.0,1.0
63.82,0.0,8.0
63.83,0.0,10.0
63.84,0.0,6.0
63.85,0.0,11.0
63.86,0.0,13.0
63.87,0.0,10.0
63.87,1.0,1.0
63.88,0.0,18.0
63.88,1.0,1.0
63.89,0.0,7.0
63.9,0.0,10.0
63.91,0.0,12.0
63.92,0.0,10.0
63.93,0.0,12.0
63.94,0.0,8.0
63.95,0.0,8.0
63.96,0.0,16.0
63.96,1.0,2.0
63.97,0.0,10.0
63.98,0.0,14.0
63.99,0.0,11.0
63.99,1.0,1.0
64.0,0.0,9.0
64.01,0.0,13.0
64.02,0.0,6.0
64.03,0.0,6.0
64.04,0.0,6.0
64.05,0.0,8.0
64.06,0.0,10.0
64.07,0.0,9.0
64.08,0.0,7.0
64.09,0.0,8.0
64.1,0.0,14.0
64.11,0.0,9.0
64.11,1.0,1.0
64.12,0.0,10.0
64.13,0.0,7.0
64.14,0.0,12.0
64.14,1.0,1.0
64.15,0.0,9.0
64.16,0.0,5.0
64.17,0.0,6.0
64.17,1.0,1.0
64.18,0.0,12.0
64.19,0.0,12.0
64.19,1.0,1.0
64.2,0.0,11.0
64.2,1.0,1.0
64.21,0.0,10.0
64.21,1.0,1.0
64.22,0.0,11.0
64.23,0.0,9.0
64.24,0.0,7.0
64.25,0.0,9.0
64.26,0.0,16.0
64.27,0.0,6.0
64.28,0.0,9.0
64.28,1.0,1.0
64.29,0.0,10.0
64.29,1.0,1.0
64.3,0.0,10.0
64.31,0.0,16.0
64.32,0.0,4.0
64.33,0.0,6.0
64.34,0.0,11.0
64.35,0.0,13.0
64.35,1.0,1.0
64.36,0.0,6.0
64.37,0.0,6.0
64.38,0.0,11.0
64.38,1.0,2.0
64.39,0.0,20.0
64.4,0.0,13.0
64.41,0.0,9.0
64.42,0.0,16.0
64.43,0.0,14.0
64.44,0.0,10.0
64.44,1.0,1.0
64.45,0.0,14.0
64.46,0.0,11.0
64.47,0.0,9.0
64.48,0.0,15.0
64.49,0.0,16.0
64.5,0.0,12.0
64.51,0.0,16.0
64.52,0.0,11.0
64.53,0.0,15.0
64.54,0.0,19.0
64.55,0.0,10.0
64.56,0.0,6.0
64.57,0.0,10.0
64.57,1.0,2.0
64.58,0.0,8.0
64.59,0.0,9.0
64.6,0.0,13.0
64.61,0.0,11.0
64.62,0.0,7.0
64.62,1.0,1.0
64.63,0.0,10.0
64.64,0.0,9.0
64.65,0.0,14.0
64.65,1.0,1.0
64.66,0.0,17.0
64.67,0.0,7.0
64.68,0.0,15.0
64.69,0.0,10.0
64.7,0.0,10.0
64.71,0.0,5.0
64.71,1.0,1.0
64.72,0.0,17.0
64.73,0.0,16.0
64.73,1.0,1.0
64.74,0.0,12.0
64.75,0.0,17.0
64.76,0.0,12.0
64.77,0.0,19.0
64.78,0.0,14.0
64.79,0.0,4.0
64.8,0.0,18.0
64.81,0.0,15.0
64.81,1.0,1.0
64.82,0.0,12.0
64.83,0.0,12.0
64.84,0.0,15.0
64.85,0.0,14.0
64.86,0.0,8.0
64.87,0.0,12.0
64.87,1.0,1.0
64.88,0.0,11.0
64.88,1.0,1.0
64.89,0.0,14.0
64.89,1.0,1.0
64.9,0.0,10.0
64.91,0.0,7.0
64.92,0.0,10.0
64.93,0.0,12.0
64.94,0.0,12.0
64.94,1.0,1.0
64.95,0.0,11.0
64.96,0.0,17.0
64.97,0.0,12.0
64.98,0.0,7.0
64.99,0.0,14.0
65.0,0.0,8.0
65.01,0.0,9.0
65.01,1.0,1.0
65.02,0.0,11.0
65.03,0.0,12.0
65.04,0.0,13.0
65.04,1.0,2.0
65.05,0.0,13.0
65.06,0.0,11.0
65.07,0.0,11.0
65.07,1.0,1.0
65.08,0.0,13.0
65.09,0.0,9.0
65.09,1.0,1.0
65.1,0.0,13.0
65.1,1.0,1.0
65.11,0.0,7.0
65.12,0.0,9.0
65.13,0.0,10.0
65.14,0.0,16.0
65.14,1.0,2.0
65.15,0.0,10.0
65.16,0.0,11.0
65.17,0.0,13.0
65.18,0.0,14.0
65.19,0.0,7.0
65.2,0.0,5.0
65.21,0.0,11.0
65.22,0.0,20.0
65.22,1.0,1.0
65.23,0.0,10.0
65.24,0.0,16.0
65.25,0.0,15.0
65.26,0.0,9.0
65.26,1.0,3.0
65.27,0.0,16.0
65.28,0.0,7.0
65.28,1.0,1.0
65.29,0.0,20.0
65.3,0.0,17.0
65.31,0.0,11.0
65.32,0.0,7.0
65.33,0.0,7.0
65.34,0.0,12.0
65.35,0.0,13.0
65.36,0.0,15.0
65.37,0.0,15.0
65.38,0.0,15.0
65.39,0.0,12.0
65.4,0.0,8.0
65.4,1.0,1.0
65.41,0.0,13.0
65.42,0.0,11.0
65.43,0.0,15.0
65.44,0.0,11.0
65.45,0.0,12.0
65.46,0.0,17.0
65.47,0.0,14.0
65.48,0.0,13.0
65.49,0.0,18.0
65.5,0.0,13.0
65.51,0.0,16.0
65.52,0.0,11.0
65.53,0.0,13.0
65.54,0.0,18.0
65.55,0.0,14.0
65.56,0.0,15.0
65.56,1.0,1.0
65.57,0.0,11.0
65.58,0.0,4.0
65.58,1.0,2.0
65.59,0.0,11.0
65.6,0.0,7.0
65.61,0.0,17.0
65.61,1.0,1.0
65.62,0.0,21.0
65.63,0.0,12.0
65.64,0.0,13.0
65.65,0.0,14.0
65.66,0.0,11.0
65.66,1.0,1.0
65.67,0.0,11.0
65.67,1.0,1.0
65.68,0.0,16.0
65.69,0.0,11.0
65.69,1.0,1.0
65.7,0.0,11.0
65.71,0.0,16.0
65.71,1.0,1.0
65.72,0.0,16.0
65.73,0.0,12.0
65.74,0.0,18.0
65.75,0.0,19.0
65.75,1.0,1.0
65.76,0.0,7.0
65.77,0.0,10.0
65.77,1.0,1.0
65.78,0.0,14.0
65.79,0.0,17.0
65.8,0.0,14.0
65.81,0.0,17.0
65.81,1.0,1.0
65.82,0.0,20.0
65.82,1.0,1.0
65.83,0.0,14.0
65.84,0.0,15.0
65.85,0.0,11.0
65.86,0.0,24.0
65.87,0.0,10.0
65.88,0.0,19.0
65.89,0.0,16.0
65.9,0.0,16.0
65.91,0.0,16.0
65.92,0.0,17.0
65.93,0.0,15.0
65.94,0.0,14.0
65.95,0.0,11.0
65.96,0.0,15.0
65.97,0.0,7.0
65.98,0.0,16.0
65.99,0.0,13.0
66.0,0.0,11.0
66.01,0.0,18.0
66.02,0.0,14.0
66.03,0.0,14.0
66.04,0.0,7.0
66.05,0.0,20.0
66.06,0.0,14.0
66.07,0.0,15.0
66.08,0.0,11.0
66.09,0.0,5.0
66.1,0.0,7.0
66.11,0.0,9.0
66.12,0.0,14.0
66.13,0.0,13.0
66.14,0.0,19.0
66.15,0.0,10.0
66.16,0.0,11.0
66.17,0.0,11.0
66.18,0.0,12.0
66.18,1.0,1.0
66.19,0.0,11.0
66.2,0.0,13.0
66.21,0.0,7.0
66.21,1.0,1.0
66.22,0.0,13.0
66.23,0.0,14.0
66.24,0.0,8.0
66.25,0.0,13.0
66.26,0.0,9.0
66.27,0.0,13.0
66.28,0.0,16.0
66.29,0.0,9.0
66.3,0.0,10.0
66.31,0.0,15.0
66.32,0.0,16.0
66.33,0.0,12.0
66.34,0.0,10.0
66.35,0.0,16.0
66.36,0.0,12.0
66.36,1.0,1.0
66.37,0.0,8.0
66.38,0.0,13.0
66.39,0.0,19.0
66.4,0.0,11.0
66.41,0.0,16.0
66.42,0.0,17.0
66.43,0.0,8.0
66.44,0.0,12.0
66.44,1.0,1.0
66.45,0.0,12.0
66.46,0.0,15.0
66.47,0.0,15.0
66.48,0.0,15.0
66.49,0.0,13.0
66.5,0.0,12.0
66.51,0.0,8.0
66.51,1.0,1.0
66.52,0.0,12.0
66.53,0.0,9.0
66.54,0.0,13.0
66.55,0.0,14.0
66.56,0.0,10.0
66.56,1.0,1.0
66.57,0.0,14.0
66.58,0.0,19.0
66.59,0.0,13.0
66.6,0.0,10.0
66.61,0.0,9.0
66.62,0.0,10.0
66.62,1.0,1.0
66.63,0.0,12.0
66.64,0.0,13.0
66.65,0.0,17.0
66.66,0.0,14.0
66.67,0.0,12.0
66.68,0.0,10.0
66.69,0.0,15.0
66.7,0.0,10.0
66.71,0.0,15.0
66.71,1.0,1.0
66.72,0.0,20.0
66.73,0.0,10.0
66.74,0.0,14.0
66.75,0.0,8.0
66.76,0.0,18.0
66.77,0.0,6.0
66.78,0.0,13.0
66.79,0.0,13.0
66.79,1.0,1.0
66.8,0.0,12.0
66.8,1.0,1.0
66.81,0.0,18.0
66.82,0.0,24.0
66.82,1.0,1.0
66.83,0.0,8.0
66.84,0.0,21.0
66.85,0.0,14.0
66.85,1.0,1.0
66.86,0.0,19.0
66.87,0.0,15.0
66.88,0.0,21.0
66.89,0.0,11.0
66.89,1.0,1.0
66.9,0.0,14.0
66.91,0.0,12.0
66.91,1.0,2.0
66.92,0.0,19.0
66.93,0.0,14.0
66.94,0.0,14.0
66.94,1.0,1.0
66.95,0.0,12.0
66.96,0.0,17.0
66.97,0.0,15.0
66.97,1.0,1.0
66.98,0.0,10.0
66.99,0.0,14.0
67.0,0.0,16.0
67.0,1.0,1.0
67.01,0.0,14.0
67.02,0.0,20.0
67.03,0.0,6.0
67.04,0.0,23.0
67.05,0.0,18.0
67.06,0.0,12.0
67.07,0.0,13.0
67.08,0.0,16.0
67.09,0.0,14.0
67.1,0.0,12.0
67.1,1.0,1.0
67.11,0.0,21.0
67.12,0.0,17.0
67.13,0.0,15.0
67.14,0.0,18.0
67.15,0.0,12.0
67.15,1.0,2.0
67.16,0.0,17.0
67.17,0.0,10.0
67.17,1.0,1.0
67.18,0.0,15.0
67.19,0.0,16.0
67.2,0.0,11.0
67.21,0.0,9.0
67.22,0.0,16.0
67.23,0.0,13.0
67.24,0.0,15.0
67.25,0.0,19.0
67.26,0.0,22.0
67.27,0.0,16.0
67.27,1.0,1.0
67.28,0.0,15.0
67.28,1.0,1.0
67.29,0.0,17.0
67.3,0.0,17.0
67.3,1.0,1.0
67.31,0.0,20.0
67.32,0.0,14.0
67.32,1.0,1.0
67.33,0.0,10.0
67.34,0.0,19.0
67.35,0.0,23.0
67.35,1.0,1.0
67.36,0.0,19.0
67.37,0.0,10.0
67.38,0.0,10.0
67.38,1.0,1.0
67.39,0.0,13.0
67.4,0.0,14.0
67.4,1.0,2.0
67.41,0.0,14.0
67.42,0.0,13.0
67.43,0.0,18.0
67.44,0.0,9.0
67.45,0.0,23.0
67.46,0.0,11.0
67.46,1.0,1.0
67.47,0.0,15.0
67.48,0.0,17.0
67.49,0.0,19.0
67.5,0.0,19.0
67.5,1.0,1.0
67.51,0.0,12.0
67.52,0.0,15.0
67.53,0.0,14.0
67.54,0.0,13.0
67.55,0.0,11.0
67.56,0.0,9.0
67.57,0.0,17.0
67.58,0.0,18.0
67.59,0.0,11.0
67.59,1.0,1.0
67.6,0.0,14.0
67.61,0.0,18.0
67.61,1.0,1.0
67.62,0.0,16.0
67.63,0.0,10.0
67.64,0.0,22.0
67.65,0.0,17.0
67.66,0.0,12.0
67.66,1.0,1.0
67.67,0.0,16.0
67.68,0.0,14.0
67.69,0.0,7.0
67.69,1.0,1.0
67.7,0.0,17.0
67.71,0.0,15.0
67.72,0.0,18.0
67.73,0.0,18.0
67.74,0.0,15.0
67.75,0.0,14.0
67.76,0.0,15.0
67.77,0.0,19.0
67.78,0.0,7.0
67.79,0.0,14.0
67.79,1.0,1.0
67.8,0.0,16.0
67.81,0.0,13.0
67.81,1.0,1.0
67.82,0.0,17.0
67.83,0.0,10.0
67.84,0.0,20.0
67.84,1.0,1.0
67.85,0.0,20.0
67.85,1.0,1.0
67.86,0.0,15.0
67.87,0.0,14.0
67.88,0.0,14.0
67.89,0.0,12.0
67.89,1.0,1.0
67.9,0.0,22.0
67.9,1.0,1.0
67.91,0.0,13.0
67.92,0.0,9.0
67.93,0.0,7.0
67.94,0.0,15.0
67.95,0.0,19.0
67.95,1.0,1.0
67.96,0.0,14.0
67.96,1.0,1.0
67.97,0.0,16.0
67.98,0.0,10.0
67.99,0.0,14.0
68.0,0.0,19.0
68.01,0.0,18.0
68.02,0.0,19.0
68.03,0.0,19.0
68.04,0.0,14.0
68.04,1.0,1.0
68.05,0.0,17.0
68.06,0.0,11.0
68.07,0.0,16.0
68.08,0.0,15.0
68.08,1.0,1.0
68.09,0.0,18.0
68.1,0.0,18.0
68.11,0.0,13.0
68.11,1.0,1.0
68.12,0.0,22.0
68.13,0.0,21.0
68.14,0.0,7.0
68.15,0.0,10.0
68.16,0.0,21.0
68.17,0.0,13.0
68.18,0.0,13.0
68.19,0.0,16.0
68.2,0.0,17.0
68.21,0.0,14.0
68.22,0.0,12.0
68.23,0.0,21.0
68.24,0.0,15.0
68.24,1.0,2.0
68.25,0.0,13.0
68.26,0.0,12.0
68.27,0.0,19.0
68.28,0.0,16.0
68.29,0.0,15.0
68.3,0.0,17.0
68.31,0.0,12.0
68.31,1.0,1.0
68.32,0.0,16.0
68.33,0.0,10.0
68.34,0.0,15.0
68.35,0.0,18.0
68.36,0.0,7.0
68.36,1.0,1.0
68.37,0.0,12.0
68.38,0.0,11.0
68.38,1.0,1.0
68.39,0.0,14.0
68.4,0.0,10.0
68.41,0.0,13.0
68.42,0.0,7.0
68.43,0.0,14.0
68.44,0.0,17.0
68.45,0.0,18.0
68.45,1.0,1.0
68.46,0.0,18.0
68.46,1.0,1.0
68.47,0.0,10.0
68.48,0.0,20.0
68.48,1.0,1.0
68.49,0.0,11.0
68.5,0.0,12.0
68.51,0.0,17.0
68.52,0.0,13.0
68.52,1.0,1.0
68.53,0.0,17.0
68.54,0.0,15.0
68.55,0.0,13.0
68.55,1.0,1.0
68.56,0.0,20.0
68.56,1.0,1.0
68.57,0.0,16.0
68.58,0.0,12.0
68.59,0.0,13.0
68.59,1.0,1.0
68.6,0.0,17.0
68.61,0.0,15.0
68.62,0.0,7.0
68.63,0.0,17.0
68.64,0.0,8.0
68.65,0.0,14.0
68.66,0.0,9.0
68.67,0.0,12.0
68.68,0.0,7.0
68.69,0.0,15.0
68.7,0.0,11.0
68.71,0.0,16.0
68.72,0.0,13.0
68.73,0.0,18.0
68.73,1.0,2.0
68.74,0.0,17.0
68.75,0.0,13.0
68.76,0.0,10.0
68.76,1.0,1.0
68.77,0.0,20.0
68.78,0.0,11.0
68.79,0.0,13.0
68.79,1.0,1.0
68.8,0.0,13.0
68.81,0.0,20.0
68.81,1.0,1.0
68.82,0.0,7.0
68.83,0.0,20.0
68.83,1.0,1.0
68.84,0.0,11.0
68.85,0.0,14.0
68.86,0.0,15.0
68.86,1.0,1.0
68.87,0.0,15.0
68.88,0.0,10.0
68.88,1.0,1.0
68.89,0.0,15.0
68.9,0.0,11.0
68.91,0.0,12.0
68.91,1.0,1.0
68.92,0.0,18.0
68.93,0.0,16.0
68.94,0.0,10.0
68.95,0.0,11.0
68.96,0.0,13.0
68.96,1.0,1.0
68.97,0.0,9.0
68.98,0.0,15.0
68.99,0.0,10.0
69.0,0.0,9.0
69.0,1.0,1.0
69.01,0.0,12.0
69.02,0.0,9.0
69.03,0.0,19.0
69.03,1.0,1.0
69.04,0.0,16.0
69.05,0.0,16.0
69.06,0.0,17.0
69.06,1.0,1.0
69.07,0.0,14.0
69.08,0.0,17.0
69.09,0.0,14.0
69.1,0.0,13.0
69.11,0.0,15.0
69.12,0.0,17.0
69.13,0.0,11.0
69.14,0.0,10.0
69.14,1.0,3.0
69.15,0.0,17.0
69.16,0.0,18.0
69.17,0.0,17.0
69.18,0.0,25.0
69.19,0.0,13.0
69.2,0.0,6.0
69.21,0.0,8.0
69.22,0.0,11.0
69.23,0.0,16.0
69.24,0.0,11.0
69.25,0.0,11.0
69.26,0.0,12.0
69.27,0.0,8.0
69.28,0.0,10.0
69.28,1.0,1.0
69.29,0.0,14.0
69.3,0.0,23.0
69.31,0.0,15.0
69.32,0.0,13.0
69.33,0.0,17.0
69.34,0.0,10.0
69.35,0.0,12.0
69.36,0.0,15.0
69.37,0.0,11.0
69.37,1.0,1.0
69.38,0.0,17.0
69.39,0.0,18.0
69.4,0.0,10.0
69.41,0.0,14.0
69.42,0.0,23.0
69.43,0.0,16.0
69.43,1.0,1.0
69.44,0.0,13.0
69.45,0.0,15.0
69.46,0.0,21.0
69.46,1.0,3.0
69.47,0.0,14.0
69.48,0.0,15.0
69.49,0.0,14.0
69.49,1.0,1.0
69.5,0.0,13.0
69.51,0.0,19.0
69.52,0.0,11.0
69.53,0.0,14.0
69.54,0.0,19.0
69.55,0.0,12.0
69.55,1.0,2.0
69.56,0.0,19.0
69.56,1.0,1.0
69.57,0.0,9.0
69.58,0.0,16.0
69.59,0.0,16.0
69.6,0.0,24.0
69.61,0.0,13.0
69.62,0.0,17.0
69.62,1.0,1.0
69.63,0.0,11.0
69.63,1.0,1.0
69.64,0.0,14.0
69.65,0.0,11.0
69.66,0.0,14.0
69.66,1.0,1.0
69.67,0.0,11.0
69.68,0.0,14.0
69.69,0.0,19.0
69.7,0.0,10.0
69.71,0.0,15.0
69.72,0.0,12.0
69.73,0.0,17.0
69.74,0.0,10.0
69.75,0.0,12.0
69.76,0.0,8.0
69.77,0.0,13.0
69.78,0.0,15.0
69.79,0.0,10.0
69.8,0.0,12.0
69.81,0.0,15.0
69.82,0.0,20.0
69.83,0.0,16.0
69.84,0.0,12.0
69.85,0.0,15.0
69.86,0.0,14.0
69.87,0.0,7.0
69.88,0.0,15.0
69.89,0.0,17.0
69.9,0.0,14.0
69.91,0.0,14.0
69.92,0.0,11.0
69.93,0.0,8.0
69.94,0.0,16.0
69.95,0.0,19.0
69.96,0.0,13.0
69.97,0.0,15.0
69.98,0.0,13.0
69.98,1.0,1.0
69.99,0.0,15.0
69.99,1.0,1.0
70.0,0.0,9.0
70.0,1.0,1.0
70.01,0.0,10.0
70.01,1.0,1.0
70.02,0.0,13.0
70.02,1.0,1.0
70.03,0.0,13.0
70.03,1.0,1.0
70.04,0.0,12.0
70.05,0.0,20.0
70.05,1.0,1.0
70.06,0.0,19.0
70.07,0.0,16.0
70.08,0.0,14.0
70.09,0.0,11.0
70.09,1.0,1.0
70.1,0.0,12.0
70.11,0.0,19.0
70.12,0.0,9.0
70.13,0.0,14.0
70.14,0.0,11.0
70.15,0.0,14.0
70.16,0.0,15.0
70.16,1.0,1.0
70.17,0.0,15.0
70.18,0.0,15.0
70.18,1.0,1.0
70.19,0.0,15.0
70.19,1.0,1.0
70.2,0.0,13.0
70.21,0.0,16.0
70.21,1.0,1.0
70.22,0.0,13.0
70.23,0.0,14.0
70.23,1.0,1.0
70.24,0.0,16.0
70.25,0.0,16.0
70.26,0.0,15.0
70.26,1.0,1.0
70.27,0.0,13.0
70.28,0.0,9.0
70.29,0.0,16.0
70.3,0.0,15.0
70.31,0.0,13.0
70.32,0.0,11.0
70.33,0.0,15.0
70.34,0.0,11.0
70.35,0.0,12.0
70.36,0.0,9.0
70.37,0.0,10.0
70.38,0.0,11.0
70.39,0.0,15.0
70.39,1.0,1.0
70.4,0.0,13.0
70.41,0.0,17.0
70.42,0.0,14.0
70.43,0.0,10.0
70.44,0.0,7.0
70.45,0.0,7.0
70.45,1.0,1.0
70.46,0.0,13.0
70.47,0.0,14.0
70.48,0.0,13.0
70.49,0.0,22.0
70.5,0.0,17.0
70.51,0.0,17.0
70.51,1.0,1.0
70.52,0.0,27.0
70.53,0.0,16.0
70.54,0.0,16.0
70.55,0.0,14.0
70.56,0.0,7.0
70.57,0.0,19.0
70.58,0.0,12.0
70.59,0.0,14.0
70.6,0.0,12.0
70.6,1.0,1.0
70.61,0.0,11.0
70.62,0.0,7.0
70.63,0.0,8.0
70.64,0.0,21.0
70.64,1.0,1.0
70.65,0.0,16.0
70.66,0.0,13.0
70.66,1.0,1.0
70.67,0.0,10.0
70.68,0.0,11.0
70.69,0.0,5.0
70.7,0.0,18.0
70.7,1.0,2.0
70.71,0.0,12.0
70.71,1.0,1.0
70.72,0.0,14.0
70.72,1.0,1.0
70.73,0.0,13.0
70.74,0.0,21.0
70.75,0.0,10.0
70.76,0.0,9.0
70.77,0.0,9.0
70.78,0.0,13.0
70.79,0.0,17.0
70.8,0.0,9.0
70.81,0.0,14.0
70.82,0.0,7.0
70.82,1.0,1.0
70.83,0.0,8.0
70.83,1.0,1.0
70.84,0.0,15.0
70.85,0.0,12.0
70.86,0.0,6.0
70.86,1.0,1.0
70.87,0.0,6.0
70.88,0.0,15.0
70.89,0.0,11.0
70.89,1.0,2.0
70.9,0.0,13.0
70.91,0.0,9.0
70.92,0.0,8.0
70.93,0.0,8.0
70.93,1.0,1.0
70.94,0.0,7.0
70.94,1.0,1.0
70.95,0.0,17.0
70.96,0.0,16.0
70.96,1.0,1.0
70.97,0.0,12.0
70.98,0.0,10.0
70.99,0.0,9.0
71.0,0.0,14.0
71.01,0.0,13.0
71.02,0.0,10.0
71.03,0.0,12.0
71.03,1.0,1.0
71.04,0.0,10.0
71.05,0.0,14.0
71.06,0.0,13.0
71.07,0.0,6.0
71.08,0.0,14.0
71.09,0.0,9.0
71.1,0.0,13.0
71.11,0.0,18.0
71.12,0.0,12.0
71.13,0.0,10.0
71.14,0.0,14.0
71.15,0.0,8.0
71.15,1.0,1.0
71.16,0.0,18.0
71.17,0.0,11.0
71.18,0.0,10.0
71.19,0.0,9.0
71.2,0.0,16.0
71.21,0.0,11.0
71.21,1.0,1.0
71.22,0.0,12.0
71.23,0.0,9.0
71.24,0.0,12.0
71.25,0.0,12.0
71.26,0.0,7.0
71.27,0.0,7.0
71.28,0.0,13.0
71.28,1.0,1.0
71.29,0.0,7.0
71.3,0.0,9.0
71.31,0.0,5.0
71.32,0.0,13.0
71.33,0.0,13.0
71.33,1.0,1.0
71.34,0.0,9.0
71.35,0.0,11.0
71.36,0.0,9.0
71.37,0.0,10.0
71.37,1.0,1.0
71.38,0.0,18.0
71.39,0.0,13.0
71.4,0.0,19.0
71.41,0.0,11.0
71.41,1.0,1.0
71.42,0.0,10.0
71.43,0.0,11.0
71.44,0.0,11.0
71.45,0.0,17.0
71.46,0.0,10.0
71.47,0.0,7.0
71.47,1.0,1.0
71.48,0.0,14.0
71.48,1.0,1.0
71.49,0.0,3.0
71.5,0.0,14.0
71.51,0.0,10.0
71.52,0.0,9.0
71.53,0.0,16.0
71.54,0.0,13.0
71.55,0.0,4.0
71.56,0.0,8.0
71.57,0.0,14.0
71.58,0.0,10.0
71.59,0.0,12.0
71.6,0.0,12.0
71.6,1.0,1.0
71.61,0.0,17.0
71.62,0.0,15.0
71.62,1.0,1.0
71.63,0.0,9.0
71.64,0.0,11.0
71.65,0.0,11.0
71.66,0.0,10.0
71.67,0.0,7.0
71.68,0.0,12.0
71.69,0.0,12.0
71.7,0.0,11.0
71.71,0.0,13.0
71.72,0.0,13.0
71.73,0.0,9.0
71.74,0.0,16.0
71.75,0.0,15.0
71.76,0.0,2.0
71.77,0.0,7.0
71.77,1.0,1.0
71.78,0.0,14.0
71.78,1.0,1.0
71.79,0.0,9.0
71.8,0.0,10.0
71.81,0.0,11.0
71.81,1.0,2.0
71.82,0.0,7.0
71.83,0.0,6.0
71.84,0.0,8.0
71.85,0.0,8.0
71.86,0.0,10.0
71.87,0.0,9.0
71.88,0.0,10.0
71.88,1.0,1.0
71.89,0.0,8.0
71.89,1.0,1.0
71.9,0.0,4.0
71.91,0.0,12.0
71.92,0.0,10.0
71.93,0.0,15.0
71.94,0.0,10.0
71.95,0.0,11.0
71.96,0.0,7.0
71.97,0.0,5.0
71.98,0.0,10.0
71.99,0.0,5.0
72.0,0.0,12.0
72.01,0.0,15.0
72.02,0.0,6.0
72.03,0.0,11.0
72.04,0.0,4.0
72.05,0.0,3.0
72.06,0.0,4.0
72.07,0.0,9.0
72.08,0.0,10.0
72.09,0.0,9.0
72.1,0.0,12.0
72.11,0.0,12.0
72.12,0.0,12.0
72.13,0.0,9.0
72.13,1.0,1.0
72.14,0.0,14.0
72.15,0.0,9.0
72.16,0.0,9.0
72.17,0.0,5.0
72.18,0.0,12.0
72.18,1.0,1.0
72.19,0.0,9.0
72.2,0.0,7.0
72.21,0.0,9.0
72.22,0.0,11.0
72.23,0.0,5.0
72.24,0.0,8.0
72.25,0.0,11.0
72.26,0.0,13.0
72.27,0.0,10.0
72.28,0.0,11.0
72.29,0.0,6.0
72.29,1.0,1.0
72.3,0.0,10.0
72.31,0.0,10.0
72.32,0.0,12.0
72.33,0.0,4.0
72.34,0.0,13.0
72.35,0.0,9.0
72.36,0.0,6.0
72.36,1.0,1.0
72.37,0.0,6.0
72.38,0.0,13.0
72.39,0.0,8.0
72.4,0.0,11.0
72.41,0.0,9.0
72.42,0.0,7.0
72.43,0.0,6.0
72.44,0.0,10.0
72.45,0.0,10.0
72.46,0.0,6.0
72.47,0.0,12.0
72.48,0.0,5.0
72.49,0.0,13.0
72.5,0.0,7.0
72.51,0.0,4.0
72.52,0.0,12.0
72.53,0.0,13.0
72.54,0.0,15.0
72.55,0.0,12.0
72.55,1.0,1.0
72.56,0.0,9.0
72.57,0.0,13.0
72.58,0.0,13.0
72.59,0.0,9.0
72.6,0.0,10.0
72.6,1.0,1.0
72.61,0.0,4.0
72.62,0.0,10.0
72.63,0.0,11.0
72.64,0.0,7.0
72.65,0.0,12.0
72.66,0.0,9.0
72.67,0.0,7.0
72.68,0.0,8.0
72.69,0.0,4.0
72.69,1.0,1.0
72.7,0.0,12.0
72.7,1.0,1.0
72.71,0.0,3.0
72.71,1.0,1.0
72.72,0.0,8.0
72.73,0.0,7.0
72.74,0.0,8.0
72.74,1.0,1.0
72.75,0.0,9.0
72.76,0.0,9.0
72.77,0.0,13.0
72.78,0.0,9.0
72.79,0.0,6.0
72.8,0.0,1.0
72.81,0.0,6.0
72.82,0.0,10.0
72.83,0.0,5.0
72.84,0.0,8.0
72.85,0.0,11.0
72.86,0.0,8.0
72.87,0.0,5.0
72.88,0.0,6.0
72.89,0.0,6.0
72.9,0.0,9.0
72.9,1.0,1.0
72.91,0.0,8.0
72.92,0.0,7.0
72.92,1.0,1.0
72.93,0.0,6.0
72.94,0.0,4.0
72.95,0.0,9.0
72.96,0.0,6.0
72.97,0.0,7.0
72.98,0.0,6.0
72.99,0.0,10.0
73.0,0.0,12.0
73.01,0.0,7.0
73.02,0.0,9.0
73.02,1.0,1.0
73.03,0.0,6.0
73.04,0.0,7.0
73.05,0.0,8.0
73.06,0.0,9.0
73.07,0.0,8.0
73.08,0.0,7.0
73.09,0.0,9.0
73.1,0.0,12.0
73.11,0.0,7.0
73.12,0.0,8.0
73.13,0.0,5.0
73.14,0.0,6.0
73.15,0.0,7.0
73.16,0.0,6.0
73.17,0.0,6.0
73.18,0.0,6.0
73.19,0.0,5.0
73.2,0.0,7.0
73.21,0.0,9.0
73.22,0.0,7.0
73.23,0.0,8.0
73.23,1.0,1.0
73.24,0.0,7.0
73.24,1.0,1.0
73.25,0.0,9.0
73.26,0.0,7.0
73.27,0.0,5.0
73.28,0.0,5.0
73.29,0.0,4.0
73.3,0.0,7.0
73.31,0.0,7.0
73.32,0.0,6.0
73.33,0.0,4.0
73.34,0.0,8.0
73.35,0.0,4.0
73.36,0.0,4.0
73.37,0.0,5.0
73.38,0.0,8.0
73.39,0.0,6.0
73.4,0.0,3.0
73.41,0.0,5.0
73.42,0.0,8.0
73.43,0.0,8.0
73.44,0.0,9.0
73.45,0.0,4.0
73.46,0.0,5.0
73.47,0.0,6.0
73.48,0.0,9.0
73.49,0.0,5.0
73.5,0.0,2.0
73.51,0.0,11.0
73.52,0.0,6.0
73.53,0.0,2.0
73.54,0.0,6.0
73.54,1.0,1.0
73.55,0.0,10.0
73.56,0.0,6.0
73.57,0.0,8.0
73.58,0.0,4.0
73.59,0.0,6.0
73.6,0.0,4.0
73.61,0.0,7.0
73.61,1.0,1.0
73.62,0.0,6.0
73.63,0.0,8.0
73.64,0.0,9.0
73.65,0.0,4.0
73.66,0.0,6.0
73.67,0.0,2.0
73.68,0.0,10.0
73.69,0.0,7.0
73.7,0.0,7.0
73.71,0.0,3.0
73.72,0.0,4.0
73.73,0.0,2.0
73.74,0.0,7.0
73.75,0.0,6.0
73.76,0.0,7.0
73.77,0.0,2.0
73.78,0.0,8.0
73.79,0.0,5.0
73.8,0.0,7.0
73.81,0.0,3.0
73.82,0.0,7.0
73.83,0.0,8.0
73.84,0.0,3.0
73.85,0.0,7.0
73.86,0.0,3.0
73.87,0.0,7.0
73.88,0.0,6.0
73.89,0.0,7.0
73.9,0.0,5.0
73.91,0.0,8.0
73.92,0.0,5.0
73.92,1.0,1.0
73.93,0.0,2.0
73.94,0.0,4.0
73.95,0.0,8.0
73.96,0.0,2.0
73.97,0.0,7.0
73.98,0.0,7.0
73.99,0.0,5.0
74.0,0.0,7.0
74.01,0.0,8.0
74.02,0.0,6.0
74.03,0.0,8.0
74.04,0.0,4.0
74.05,0.0,4.0
74.06,0.0,7.0
74.07,0.0,4.0
74.08,0.0,8.0
74.09,0.0,6.0
74.1,0.0,6.0
74.11,0.0,5.0
74.12,0.0,9.0
74.13,0.0,5.0
74.14,0.0,3.0
74.15,0.0,2.0
74.16,0.0,5.0
74.17,0.0,6.0
74.18,0.0,5.0
74.19,0.0,10.0
74.19,1.0,1.0
74.2,0.0,6.0
74.21,0.0,3.0
74.22,0.0,3.0
74.23,0.0,9.0
74.24,0.0,4.0
74.25,0.0,4.0
74.26,0.0,4.0
74.27,0.0,6.0
74.28,0.0,4.0
74.28,1.0,1.0
74.29,0.0,6.0
74.3,0.0,4.0
74.31,0.0,5.0
74.32,0.0,5.0
74.33,0.0,9.0
74.34,0.0,5.0
74.35,0.0,4.0
74.36,0.0,1.0
74.37,0.0,5.0
74.38,0.0,4.0
74.39,0.0,2.0
74.4,0.0,2.0
74.41,0.0,6.0
74.42,0.0,8.0
74.43,0.0,4.0
74.44,0.0,5.0
74.45,0.0,6.0
74.46,0.0,3.0
74.47,0.0,4.0
74.48,0.0,4.0
74.49,0.0,2.0
74.5,0.0,4.0
74.51,0.0,4.0
74.52,0.0,3.0
74.53,0.0,7.0
74.54,0.0,3.0
74.55,0.0,1.0
74.56,0.0,4.0
74.57,0.0,3.0
74.57,1.0,1.0
74.58,0.0,4.0
74.59,0.0,1.0
74.6,0.0,3.0
74.61,0.0,3.0
74.62,0.0,7.0
74.63,0.0,6.0
74.63,1.0,1.0
74.64,0.0,1.0
74.65,0.0,2.0
74.66,0.0,3.0
74.67,0.0,5.0
74.68,0.0,2.0
74.69,0.0,6.0
74.7,0.0,4.0
74.71,0.0,1.0
74.72,0.0,3.0
74.73,0.0,3.0
74.74,0.0,4.0
74.75,0.0,6.0
74.76,0.0,5.0
74.76,1.0,1.0
74.77,0.0,2.0
74.78,0.0,3.0
74.79,0.0,3.0
74.8,0.0,7.0
74.81,0.0,6.0
74.83,0.0,3.0
74.84,0.0,3.0
74.85,0.0,5.0
74.86,0.0,4.0
74.87,0.0,4.0
74.88,0.0,2.0
74.89,0.0,3.0
74.9,0.0,4.0
74.91,0.0,7.0
74.92,0.0,2.0
74.93,0.0,3.0
74.94,0.0,2.0
74.95,0.0,6.0
74.96,0.0,3.0
74.97,0.0,5.0
74.98,0.0,6.0
74.99,0.0,4.0
75.01,0.0,2.0
75.02,0.0,6.0
75.03,0.0,4.0
75.04,0.0,5.0
75.05,0.0,3.0
75.06,0.0,3.0
75.07,0.0,2.0
75.08,0.0,2.0
75.09,0.0,5.0
75.1,0.0,1.0
75.11,0.0,1.0
75.12,0.0,4.0
75.14,0.0,4.0
75.15,0.0,2.0
75.16,0.0,2.0
75.17,0.0,4.0
75.18,0.0,3.0
75.19,0.0,2.0
75.2,0.0,5.0
75.21,0.0,4.0
75.22,0.0,3.0
75.23,0.0,5.0
75.24,0.0,1.0
75.25,0.0,3.0
75.26,0.0,2.0
75.27,0.0,5.0
75.29,0.0,3.0
75.3,0.0,3.0
75.31,0.0,7.0
75.32,0.0,1.0
75.33,0.0,4.0
75.34,0.0,2.0
75.35,0.0,3.0
75.37,0.0,3.0
75.38,0.0,1.0
75.4,0.0,4.0
75.41,0.0,2.0
75.42,0.0,2.0
75.43,0.0,1.0
75.44,0.0,4.0
75.45,0.0,3.0
75.46,0.0,3.0
75.47,0.0,1.0
75.49,0.0,1.0
75.5,0.0,1.0
75.51,0.0,1.0
75.52,0.0,2.0
75.53,0.0,2.0
75.54,0.0,2.0
75.55,0.0,3.0
75.56,0.0,2.0
75.56,1.0,1.0
75.57,0.0,2.0
75.58,0.0,1.0
75.6,0.0,2.0
75.61,0.0,2.0
75.62,0.0,2.0
75.63,0.0,2.0
75.64,0.0,2.0
75.65,0.0,1.0
75.66,0.0,2.0
75.67,0.0,3.0
75.68,0.0,4.0
75.69,0.0,3.0
75.7,0.0,2.0
75.71,0.0,4.0
75.72,0.0,4.0
75.74,0.0,1.0
75.75,0.0,2.0
75.77,0.0,3.0
75.78,0.0,2.0
75.79,0.0,1.0
75.8,0.0,2.0
75.81,0.0,1.0
75.82,0.0,1.0
75.83,0.0,4.0
75.84,0.0,2.0
75.85,0.0,4.0
75.86,0.0,1.0
75.88,0.0,1.0
75.89,0.0,1.0
75.9,0.0,1.0
75.91,0.0,1.0
75.94,0.0,1.0
75.94,1.0,1.0
75.95,0.0,2.0
75.97,0.0,4.0
75.98,0.0,1.0
76.0,0.0,2.0
76.01,0.0,1.0
76.02,0.0,1.0
76.04,0.0,1.0
76.05,0.0,1.0
76.06,0.0,5.0
76.07,0.0,2.0
76.08,0.0,1.0
76.09,0.0,1.0
76.1,0.0,1.0
76.12,0.0,1.0
76.13,0.0,3.0
76.14,0.0,1.0
76.15,0.0,1.0
76.16,0.0,3.0
76.17,0.0,1.0
76.19,0.0,4.0
76.2,1.0,1.0
76.21,0.0,3.0
76.22,0.0,3.0
76.23,0.0,1.0
76.26,0.0,1.0
76.27,0.0,2.0
76.29,0.0,1.0
76.3,0.0,2.0
76.31,0.0,1.0
76.32,0.0,1.0
76.35,0.0,2.0
76.36,0.0,1.0
76.38,0.0,5.0
76.39,0.0,1.0
76.43,0.0,2.0
76.44,0.0,1.0
76.45,0.0,1.0
76.47,0.0,1.0
76.48,0.0,3.0
76.49,0.0,2.0
76.5,0.0,1.0
76.51,0.0,1.0
76.53,0.0,1.0
76.55,0.0,2.0
76.56,0.0,1.0
76.58,0.0,2.0
76.62,0.0,1.0
76.65,0.0,2.0
76.74,0.0,1.0
76.75,0.0,1.0
76.77,0.0,3.0
76.78,0.0,2.0
76.82,0.0,1.0
76.85,0.0,1.0
76.88,0.0,1.0
76.89,0.0,2.0
76.95,0.0,1.0
76.97,0.0,1.0
76.99,0.0,1.0
77.05,0.0,1.0
77.06,0.0,1.0
77.14,0.0,1.0
77.15,0.0,1.0
77.17,0.0,1.0
77.18,0.0,1.0
77.23,0.0,1.0
77.29,0.0,1.0
77.44,0.0,1.0
77.48,0.0,1.0
77.5,0.0,1.0
77.52,0.0,1.0
77.54,0.0,1.0
77.55,0.0,1.0
77.57,0.0,1.0
77.66,0.0,1.0
77.8,0.0,1.0
77.82,0.0,1.0
77.89,0.0,1.0
77.91,0.0,1.0
77.98,0.0,1.0
78.23,0.0,1.0
78.25,0.0,1.0
78.38,0.0,1.0
78.55,0.0,1.0	read_length,mapped,occurence
52,1,1
110,1,1
142,1,1
143,1,1
150,0,133
151,0,155
152,0,144
152,1,2
153,0,161
154,0,181
155,0,171
156,0,190
157,0,201
158,0,253
159,0,193
159,1,1
160,0,202
160,1,2
161,0,182
161,1,2
162,0,189
163,0,205
163,1,1
164,0,173
164,1,1
165,0,169
166,0,181
166,1,1
167,0,176
168,0,225
168,1,1
169,0,214
170,0,300
170,1,1
171,0,399
172,0,420
173,0,358
174,0,274
175,0,150
175,1,1
176,0,130
177,0,92
177,1,1
178,0,67
179,0,70
180,0,70
181,0,64
182,0,71
182,1,2
183,0,92
184,0,105
185,0,105
185,1,1
186,0,105
186,1,1
187,0,121
188,0,129
189,0,125
190,0,128
191,0,157
192,0,155
193,0,151
194,0,144
194,1,1
195,0,127
196,0,133
196,1,1
197,0,144
198,0,134
199,0,116
199,1,1
200,0,114
200,1,5
201,0,114
201,1,1
202,0,106
202,1,8
203,0,168
203,1,14
204,0,187
204,1,5
205,0,233
205,1,1
206,0,219
207,0,217
207,1,3
208,0,181
209,0,131
209,1,1
210,0,78
211,0,78
211,1,1
212,0,54
213,0,49
213,1,1
214,0,57
215,0,46
215,1,1
216,0,47
216,1,2
217,0,59
218,0,64
219,0,73
220,0,70
221,0,84
222,0,94
223,0,70
224,0,97
224,1,1
225,0,101
226,0,88
227,0,99
227,1,1
228,0,99
228,1,2
229,0,94
229,1,2
230,0,91
230,1,2
231,0,75
231,1,1
232,0,88
233,0,91
233,1,2
234,0,66
234,1,1
235,0,66
236,0,75
237,0,86
237,1,1
238,0,100
239,0,117
239,1,2
240,0,124
240,1,2
241,0,122
242,0,115
242,1,1
243,0,94
243,1,5
244,0,72
244,1,1
245,0,48
245,1,1
246,0,39
247,0,38
247,1,1
248,0,28
248,1,1
249,0,29
249,1,2
250,0,28
251,0,31
252,0,44
252,1,3
253,0,47
254,0,57
254,1,2
255,0,52
255,1,1
256,0,38
257,0,48
257,1,2
258,0,52
258,1,1
259,0,43
259,1,1
260,0,55
260,1,1
261,0,70
261,1,2
262,0,54
263,0,51
263,1,4
264,0,44
264,1,1
265,0,46
265,1,2
266,0,46
267,0,51
267,1,1
268,0,40
268,1,3
269,0,49
270,0,50
271,0,61
271,1,3
272,0,55
273,0,75
274,0,69
275,0,78
275,1,1
276,0,71
276,1,1
277,0,58
277,1,1
278,0,58
278,1,1
279,0,29
279,1,1
280,0,23
281,0,22
281,1,1
282,0,19
283,0,29
284,0,27
285,0,20
285,1,1
286,0,28
287,0,25
288,0,33
288,1,2
289,0,34
290,0,36
290,1,1
291,0,27
291,1,2
292,0,34
293,0,31
293,1,1
294,0,40
294,1,2
295,0,31
296,0,36
297,0,38
298,0,35
298,1,2
299,0,34
299,1,1
300,0,34
301,0,43
302,0,26
303,0,29
304,0,32
305,0,28
305,1,1
306,0,33
306,1,1
307,0,26
307,1,2
308,0,37
308,1,1
309,0,35
309,1,1
310,0,42
310,1,2
311,0,33
311,1,2
312,0,41
312,1,1
313,0,19
313,1,2
314,0,18
314,1,3
315,0,21
315,1,6
316,0,18
316,1,4
317,0,18
317,1,14
318,0,14
318,1,11
319,0,23
319,1,2
320,0,14
321,0,15
321,1,1
322,0,18
322,1,1
323,0,21
324,0,22
324,1,1
325,0,18
326,0,18
327,0,19
328,0,19
329,0,21
330,0,27
331,0,19
331,1,2
332,0,25
332,1,1
333,0,21
334,0,23
334,1,1
335,0,16
335,1,1
336,0,21
337,0,21
338,0,12
339,0,22
340,0,23
341,0,18
342,0,21
343,0,23
343,1,1
344,0,19
345,0,24
346,0,18
346,1,1
347,0,21
348,0,18
349,0,5
349,1,1
350,0,5
350,1,1
351,0,12
351,1,1
352,0,5
353,0,15
353,1,1
354,0,10
354,1,1
355,0,9
355,1,1
356,0,8
357,0,10
357,1,2
358,0,12
358,1,1
359,0,19
360,0,15
361,0,11
361,1,1
362,0,12
363,0,16
364,0,16
365,0,14
366,0,7
367,0,15
368,0,11
369,0,14
370,0,15
371,0,10
371,1,1
372,0,9
373,0,13
374,0,9
375,0,18
376,0,6
377,0,13
378,0,15
379,0,4
380,0,13
380,1,1
381,0,9
381,1,1
382,0,8
383,0,8
383,1,1
384,0,8
385,0,9
385,1,2
386,0,12
387,0,8
387,1,2
388,0,8
389,0,7
389,1,2
390,0,5
390,1,1
391,0,9
392,0,6
393,0,7
394,0,5
395,0,4
396,0,7
397,0,3
398,0,14
398,1,1
399,0,6
400,0,8
401,0,14
402,0,3
403,0,5
404,0,5
405,0,9
405,1,1
406,0,8
407,0,5
408,0,10
408,1,1
409,0,8
409,1,1
410,0,9
411,0,6
412,0,7
413,0,7
414,0,4
415,0,6
416,0,4
417,0,6
418,0,5
418,1,2
419,0,5
419,1,1
420,0,3
420,1,2
421,0,4
421,1,1
422,0,9
422,1,1
423,0,3
423,1,1
424,0,7
424,1,1
425,0,6
425,1,1
426,0,6
427,0,4
428,0,11
429,0,8
430,0,1
431,0,6
431,1,1
432,0,7
432,1,1
433,0,10
433,1,1
434,0,4
435,0,8
436,0,4
437,0,8
437,1,3
438,0,6
439,0,4
440,0,4
441,0,3
441,1,1
442,0,4
442,1,1
443,0,6
444,0,7
445,0,5
446,0,2
446,1,1
447,0,5
448,0,4
449,0,5
450,0,9
450,1,1
451,0,3
452,0,3
452,1,2
453,0,1
454,0,4
455,0,1
456,0,5
457,0,3
458,0,4
459,0,3
460,0,2
461,0,3
462,0,2
463,0,4
464,0,4
465,0,5
466,0,1
467,0,4
467,1,1
468,0,3
469,0,3
469,1,1
470,0,6
471,0,2
471,1,1
472,0,3
472,1,1
473,0,2
474,0,4
474,1,1
475,0,3
476,0,1
478,0,4
479,0,4
479,1,2
480,0,3
480,1,1
481,0,1
482,0,1
483,0,2
484,0,3
486,0,1
486,1,1
487,0,3
487,1,3
488,0,3
489,0,1
490,0,1
492,0,2
493,0,2
493,1,1
494,0,3
495,0,3
495,1,1
496,0,2
496,1,1
497,0,2
498,0,2
498,1,1
499,0,3
500,0,3
500,1,1
501,0,1
503,0,2
503,1,2
504,0,1
504,1,1
505,0,6
507,0,1
507,1,1
508,0,3
509,0,3
510,0,2
511,0,3
512,0,4
513,0,2
514,0,1
515,0,4
516,0,1
520,0,1
521,0,1
522,0,1
523,0,1
524,0,1
526,0,3
527,0,2
528,0,1
529,0,3
530,0,2
533,0,2
534,0,4
535,0,2
536,0,1
537,0,1
538,0,4
539,0,1
540,0,2
541,0,3
542,0,3
543,0,3
544,0,1
544,1,1
545,0,1
549,0,1
551,0,1
552,0,1
553,0,1
554,0,1
555,0,2
555,1,1
556,0,4
557,1,1
558,0,1
559,0,1
560,0,1
560,1,1
561,0,1
562,0,1
567,0,3
569,0,1
569,1,1
570,0,2
571,0,1
572,0,2
572,1,1
574,0,1
576,1,1
577,0,2
578,0,2
579,0,1
580,1,1
582,0,3
587,0,2
589,0,2
592,1,1
593,0,1
594,0,3
596,1,1
597,0,1
600,0,1
601,0,1
603,1,1
605,0,1
606,0,1
607,0,1
608,0,1
609,0,1
610,0,1
611,1,1
612,0,1
614,0,1
616,0,1
617,0,1
619,0,1
620,0,1
621,0,1
622,1,1
623,0,1
634,0,1
637,0,1
640,0,1
641,1,1
647,0,2
648,0,2
651,0,1
651,1,1
653,0,1
655,1,2
659,0,1
659,1,1
663,0,1
663,1,1
664,1,1
666,0,1
666,1,1
671,1,1
674,0,1
675,0,1
676,0,1
678,1,1
684,1,1
686,0,1
689,0,1
690,0,1
692,0,1
695,1,1
697,0,1
697,1,1
703,0,1
703,1,1
705,1,1
707,1,1
716,0,1
719,1,1
727,1,1
734,1,1
741,0,1
745,0,1
773,0,1
779,0,1
783,0,1
808,0,1
820,0,1
836,0,1
843,0,1
851,1,1
863,1,1
864,1,1
868,1,1
873,1,1
890,0,1
900,1,1
916,1,1
917,0,1
921,0,1
966,0,1
984,0,1
988,0,1
1002,1,1
1031,0,1
1046,0,1
1095,1,1
1113,0,1
1142,0,1
1197,0,1	map_score,mapped,occurence
0,0,17491
1,1,6
11,1,1
13,1,33
14,1,7
18,1,1
2,1,2
20,1,1
21,1,1
22,1,3
26,1,4
27,1,4
28,1,2
3,1,1
30,1,1
31,1,2
32,1,2
33,1,5
34,1,6
35,1,4
37,1,3
39,1,1
40,1,1
43,1,1
46,1,1
48,1,3
49,1,1
5,1,1
50,1,2
53,1,2
54,1,4
55,1,1
57,1,1
58,1,1
60,1,192
7,1,1
8,1,12
