Pos	Ref	Alt	Depth	Ins	Ins_Depth	Del	Del_Depth	                         A_Fwd	A_Rev	A_Depth	                         T_Fwd	T_Rev	T_Depth	                         G_Fwd	G_Rev	G_Depth	                         C_Fwd	C_Rev	C_Depth	                         Match_Fwd	Mat_Rev	Mat_Depth	                         N	N_Depth
26	A	T	119	0	0.0	1	0.008	0	0	0.0	71	44	0.966	0	0	0.0	0	0	0.0	2	1	0.025	0	0.0
2866	T	G	588	1	0.002	0	0.0	13	0	0.022	0	0	0.0	552	7	0.951	2	0	0.003	12	1	0.022	0	0.0
2867	C	A	597	0	0.0	0	0.0	578	7	0.98	0	0	0.0	0	0	0.0	0	0	0.0	12	0	0.02	0	0.0
2879	C	A	626	0	0.0	0	0.0	620	6	1.0	0	0	0.0	0	0	0.0	0	0	0.0	0	0	0.0	0	0.0
2910	C	T	678	0	0.0	0	0.0	0	0	0.0	664	8	0.991	0	0	0.0	0	0	0.0	6	0	0.009	0	0.0
2936	C	T	2714	0	0.0	0	0.0	0	0	0.0	2662	45	0.997	0	0	0.0	0	0	0.0	7	0	0.003	0	0.0
2940	G	A	2710	3	0.001	0	0.0	2653	48	0.997	2	0	0.001	0	0	0.0	0	0	0.0	4	0	0.001	0	0.0
2943	T	C	2729	0	0.0	0	0.0	0	0	0.0	0	0	0.0	0	0	0.0	2670	52	0.997	7	0	0.003	0	0.0
2964	A	C	2752	1	0.0	0	0.0	0	0	0.0	0	0	0.0	0	0	0.0	2702	41	0.997	8	0	0.003	0	0.0
2966	G	A	2687	0	0.0	1	0.0	2636	41	0.996	0	0	0.0	0	0	0.0	0	0	0.0	8	1	0.003	0	0.0
2979	T	C	2703	2	0.001	61	0.023	0	0	0.0	0	0	0.0	0	0	0.0	2583	48	0.973	9	0	0.003	0	0.0
3008	G	A	2791	0	0.0	0	0.0	2735	52	0.999	1	0	0.0	0	0	0.0	0	0	0.0	3	0	0.001	0	0.0
3032	G	A	2768	0	0.0	0	0.0	2721	40	0.997	2	0	0.001	0	0	0.0	2	0	0.001	3	0	0.001	0	0.0
3052	G	A	3092	20	0.006	0	0.0	3017	38	0.988	0	0	0.0	0	0	0.0	0	0	0.0	17	0	0.005	0	0.0
3078	C	T	2958	0	0.0	18	0.006	4	0	0.001	2876	44	0.987	0	0	0.0	0	0	0.0	15	1	0.005	0	0.0
3107	T	C	2617	0	0.0	8	0.003	1	0	0.0	0	0	0.0	2	0	0.001	2571	30	0.994	5	0	0.002	0	0.0
3108	T	G	2548	0	0.0	8	0.003	12	0	0.005	0	0	0.0	2488	32	0.989	2	0	0.001	6	0	0.002	0	0.0
