CHROM_POS,DP,sample_id
CHROM_POS,DP,barcode03
AF384372.1_17,175,barcode03
AF384372.1_25,177,barcode03
AF384372.1_26,177,barcode03
AF384372.1_38,181,barcode03
AF384372.1_76,187,barcode03
AF384372.1_95,174,barcode03
AF384372.1_122,143,barcode03
AF384372.1_125,143,barcode03
AF384372.1_146,140,barcode03
AF384372.1_152,139,barcode03
AF384372.1_155,139,barcode03
AF384372.1_164,128,barcode03
AF384372.1_167,129,barcode03
AF384372.1_170,131,barcode03
AF384372.1_182,127,barcode03
AF384372.1_185,129,barcode03
AF384372.1_188,124,barcode03
AF384372.1_194,127,barcode03
AF384372.1_200,125,barcode03
AF384372.1_203,125,barcode03
AF384372.1_204,122,barcode03
AF384372.1_212,65,barcode03
AF384372.1_230,65,barcode03
AF384372.1_233,63,barcode03
AF384372.1_239,64,barcode03
AF384372.1_242,63,barcode03
AF384372.1_258,62,barcode03
AF384372.1_260,63,barcode03
AF384372.1_263,64,barcode03
AF384372.1_268,58,barcode03
AF384372.1_275,58,barcode03
AF384372.1_280,59,barcode03
AF384372.1_282,59,barcode03
AF384372.1_287,59,barcode03
AF384372.1_288,59,barcode03
AF384372.1_299,59,barcode03
AF384372.1_301,58,barcode03
AF384372.1_317,60,barcode03
AF384372.1_321,59,barcode03
AF384372.1_323,59,barcode03
AF384372.1_329,60,barcode03
AF384372.1_338,59,barcode03
AF384372.1_340,59,barcode03
AF384372.1_341,59,barcode03
AF384372.1_350,60,barcode03
AF384372.1_351,60,barcode03
AF384372.1_352,59,barcode03
AF384372.1_365,61,barcode03
AF384372.1_371,61,barcode03
AF384372.1_380,61,barcode03
AF384372.1_381,61,barcode03
AF384372.1_398,57,barcode03
AF384372.1_422,62,barcode03
AF384372.1_443,61,barcode03
AF384372.1_467,61,barcode03
AF384372.1_476,61,barcode03
AF384372.1_484,59,barcode03
AF384372.1_498,60,barcode03
AF384372.1_503,58,barcode03
AF384372.1_537,53,barcode03
AF384372.1_573,50,barcode03
AF384372.1_616,10,barcode03
AF384372.1_617,10,barcode03
AF384372.1_619,10,barcode03
AF384372.1_620,10,barcode03
AF384372.1_623,10,barcode03
AF384372.1_636,10,barcode03
AF384372.1_660,10,barcode03
AF384372.1_672,10,barcode03
AF384372.1_703,10,barcode03
AF384372.1_705,10,barcode03
AF384372.1_709,10,barcode03
AF384372.1_710,10,barcode03
AF384372.1_1174,10,barcode03
AF384372.1_1180,11,barcode03
AF384372.1_1181,11,barcode03
AF384372.1_1183,10,barcode03
AF384372.1_1186,11,barcode03
AF384372.1_1192,13,barcode03
AF384372.1_1193,13,barcode03
AF384372.1_1203,12,barcode03
AF384372.1_1204,13,barcode03
AF384372.1_1207,13,barcode03
AF384372.1_1216,13,barcode03
AF384372.1_1230,13,barcode03
AF384372.1_1234,12,barcode03
AF384372.1_1237,13,barcode03
AF384372.1_1241,11,barcode03
AF384372.1_1246,13,barcode03
AF384372.1_1275,12,barcode03
AF384372.1_1276,12,barcode03
AF384372.1_1282,12,barcode03
AF384372.1_1303,14,barcode03
AF384372.1_1318,14,barcode03
AF384372.1_1325,13,barcode03
AF384372.1_1330,14,barcode03
AF384372.1_1333,14,barcode03
AF384372.1_1336,12,barcode03
AF384372.1_1339,13,barcode03
AF384372.1_1344,13,barcode03
AF384372.1_1345,13,barcode03
AF384372.1_1348,14,barcode03
AF384372.1_1351,14,barcode03
AF384372.1_1352,12,barcode03
AF384372.1_1375,15,barcode03
AF384372.1_1378,15,barcode03
AF384372.1_1382,15,barcode03
AF384372.1_1383,13,barcode03
AF384372.1_1384,13,barcode03
AF384372.1_1392,16,barcode03
AF384372.1_1401,14,barcode03
AF384372.1_1408,13,barcode03
AF384372.1_1410,14,barcode03
AF384372.1_1413,14,barcode03
AF384372.1_1417,14,barcode03
AF384372.1_1428,13,barcode03
AF384372.1_1431,14,barcode03
AF384372.1_1440,14,barcode03
AF384372.1_1447,14,barcode03
AF384372.1_1448,14,barcode03
AF384372.1_1449,14,barcode03
AF384372.1_1464,14,barcode03
AF384372.1_1465,14,barcode03
AF384372.1_1475,15,barcode03
AF384372.1_1506,16,barcode03
AF384372.1_1509,16,barcode03
AF384372.1_1524,16,barcode03
AF384372.1_1586,15,barcode03
AF384372.1_1587,16,barcode03
AF384372.1_1592,16,barcode03
AF384372.1_1593,16,barcode03
AF384372.1_1635,16,barcode03
AF384372.1_1645,16,barcode03
AF384372.1_1656,16,barcode03
AF384372.1_1672,16,barcode03
AF384372.1_1699,16,barcode03
AF384372.1_1801,14,barcode03
AF384372.1_1804,15,barcode03
AF384372.1_1807,15,barcode03
AF384372.1_1809,15,barcode03
AF384372.1_1825,14,barcode03
AF384372.1_1834,14,barcode03
AF384372.1_1836,14,barcode03
AF384372.1_1839,14,barcode03
AF384372.1_1867,12,barcode03
AF384372.1_1877,12,barcode03
AF384372.1_1879,13,barcode03
AF384372.1_1885,15,barcode03
AF384372.1_1903,18,barcode03
AF384372.1_1933,18,barcode03
AF384372.1_1935,17,barcode03
AF384372.1_1938,17,barcode03
AF384372.1_1941,18,barcode03
AF384372.1_1956,20,barcode03
AF384372.1_1962,19,barcode03
AF384372.1_1992,22,barcode03
AF384372.1_2007,20,barcode03
AF384372.1_2029,22,barcode03
AF384372.1_2037,22,barcode03
AF384372.1_2053,21,barcode03
AF384372.1_2070,20,barcode03
AF384372.1_2076,21,barcode03
AF384372.1_2079,21,barcode03
AF384372.1_2096,22,barcode03
AF384372.1_2101,22,barcode03
AF384372.1_2104,22,barcode03
AF384372.1_2118,22,barcode03
AF384372.1_2121,22,barcode03
AF384372.1_2125,22,barcode03
AF384372.1_2133,22,barcode03
AF384372.1_2139,22,barcode03
AF384372.1_2142,22,barcode03
AF384372.1_2143,22,barcode03
AF384372.1_2145,22,barcode03
AF384372.1_2146,21,barcode03
AF384372.1_2147,22,barcode03
AF384372.1_2154,22,barcode03
AF384372.1_2158,22,barcode03
AF384372.1_2160,22,barcode03
AF384372.1_2166,22,barcode03
AF384372.1_2170,21,barcode03
AF384372.1_2175,20,barcode03
AF384372.1_2176,20,barcode03
AF384372.1_2178,21,barcode03
AF384372.1_2187,22,barcode03
AF384372.1_2193,23,barcode03
AF384372.1_2199,35,barcode03
AF384372.1_2208,35,barcode03
AF384372.1_2211,35,barcode03
AF384372.1_2217,33,barcode03
AF384372.1_2223,36,barcode03
AF384372.1_2234,36,barcode03
AF384372.1_2235,37,barcode03
AF384372.1_2244,39,barcode03
AF384372.1_2245,37,barcode03
AF384372.1_2247,39,barcode03
AF384372.1_2256,37,barcode03
AF384372.1_2262,39,barcode03
AF384372.1_2272,41,barcode03
AF384372.1_2274,41,barcode03
AF384372.1_2277,41,barcode03
AF384372.1_2292,43,barcode03
AF384372.1_2298,43,barcode03
AF384372.1_2299,43,barcode03
AF384372.1_2301,43,barcode03
AF384372.1_2307,45,barcode03
AF384372.1_2325,42,barcode03
AF384372.1_2334,43,barcode03
AF384372.1_2337,42,barcode03
AF384372.1_2346,43,barcode03
AF384372.1_2355,38,barcode03
AF384372.1_2356,38,barcode03
AF384372.1_2358,38,barcode03
AF384372.1_2367,38,barcode03
AF384372.1_2371,36,barcode03
AF384372.1_2373,37,barcode03
AF384372.1_2388,35,barcode03
AF384372.1_2397,38,barcode03
AF384372.1_2398,36,barcode03
AF384372.1_2427,38,barcode03
AF384372.1_2431,38,barcode03
AF384372.1_2439,37,barcode03
AF384372.1_2440,37,barcode03
AF384372.1_2460,42,barcode03
AF384372.1_2470,40,barcode03
AF384372.1_2475,42,barcode03
AF384372.1_2476,42,barcode03
AF384372.1_2478,41,barcode03
AF384372.1_2511,44,barcode03
AF384372.1_2523,45,barcode03
AF384372.1_2534,47,barcode03
AF384372.1_2535,46,barcode03
AF384372.1_2562,51,barcode03
AF384372.1_2589,52,barcode03
AF384372.1_2595,51,barcode03
AF384372.1_2601,52,barcode03
AF384372.1_2611,53,barcode03
AF384372.1_2622,52,barcode03
AF384372.1_2625,54,barcode03
AF384372.1_2626,53,barcode03
AF384372.1_2637,54,barcode03
AF384372.1_2659,53,barcode03
AF384372.1_2664,55,barcode03
AF384372.1_2688,58,barcode03
AF384372.1_2691,58,barcode03
AF384372.1_2730,57,barcode03
AF384372.1_2757,54,barcode03
AF384372.1_2766,59,barcode03
AF384372.1_2769,43,barcode03
AF384372.1_2775,59,barcode03
AF384372.1_2778,55,barcode03
AF384372.1_2784,55,barcode03
AF384372.1_2787,58,barcode03
AF384372.1_2793,56,barcode03
AF384372.1_2804,59,barcode03
AF384372.1_2816,59,barcode03
AF384372.1_2823,59,barcode03
AF384372.1_2829,59,barcode03
AF384372.1_2843,60,barcode03
AF384372.1_2849,62,barcode03
AF384372.1_2862,339,barcode03
AF384372.1_2866,340,barcode03
AF384372.1_2867,340,barcode03
AF384372.1_2879,359,barcode03
AF384372.1_2938,1289,barcode03
AF384372.1_2948,1286,barcode03
AF384372.1_2950,1291,barcode03
AF384372.1_2951,1287,barcode03
AF384372.1_2978,1278,barcode03
AF384372.1_2983,1324,barcode03
AF384372.1_2985,1322,barcode03
AF384372.1_2986,1323,barcode03
AF384372.1_2992,1316,barcode03
AF384372.1_3002,1323,barcode03
AF384372.1_3005,1315,barcode03
AF384372.1_3007,1311,barcode03
AF384372.1_3008,1321,barcode03
AF384372.1_3012,1361,barcode03
AF384372.1_3024,1333,barcode03
AF384372.1_3026,1357,barcode03
AF384372.1_3045,1355,barcode03
AF384372.1_3052,1348,barcode03
AF384372.1_3059,1338,barcode03
CHROM_POS,DP,barcode11
AF384372.1_17,4099,barcode11
AF384372.1_76,4124,barcode11
AF384372.1_155,2927,barcode11
AF384372.1_159,2827,barcode11
AF384372.1_164,2824,barcode11
AF384372.1_245,1501,barcode11
AF384372.1_260,567,barcode11
AF384372.1_268,548,barcode11
AF384372.1_338,530,barcode11
AF384372.1_356,532,barcode11
AF384372.1_381,474,barcode11
AF384372.1_428,11,barcode11
AF384372.1_470,10,barcode11
AF384372.1_484,10,barcode11
AF384372.1_2307,15,barcode11
AF384372.1_2314,15,barcode11
AF384372.1_2346,38,barcode11
AF384372.1_2349,38,barcode11
AF384372.1_2352,38,barcode11
AF384372.1_2355,38,barcode11
AF384372.1_2383,53,barcode11
AF384372.1_2460,56,barcode11
AF384372.1_2476,56,barcode11
AF384372.1_2478,55,barcode11
AF384372.1_2511,53,barcode11
AF384372.1_2523,56,barcode11
AF384372.1_2526,56,barcode11
AF384372.1_2534,55,barcode11
AF384372.1_2535,54,barcode11
AF384372.1_2634,59,barcode11
AF384372.1_2691,325,barcode11
AF384372.1_2757,428,barcode11
AF384372.1_2766,436,barcode11
AF384372.1_2802,441,barcode11
AF384372.1_2804,443,barcode11
AF384372.1_2817,440,barcode11
AF384372.1_2879,1332,barcode11
AF384372.1_2935,5204,barcode11
AF384372.1_3008,6137,barcode11
AF384372.1_3024,6104,barcode11
AF384372.1_3026,6136,barcode11
AF384372.1_3032,6106,barcode11
AF384372.1_3052,5704,barcode11
AF384372.1_3080,3385,barcode11
CHROM_POS,DP,barcode04
AF384372.1_17,77,barcode04
AF384372.1_25,81,barcode04
AF384372.1_26,81,barcode04
AF384372.1_76,77,barcode04
AF384372.1_95,77,barcode04
AF384372.1_122,80,barcode04
AF384372.1_152,74,barcode04
AF384372.1_155,74,barcode04
AF384372.1_158,71,barcode04
AF384372.1_164,73,barcode04
AF384372.1_167,69,barcode04
AF384372.1_168,73,barcode04
AF384372.1_170,72,barcode04
AF384372.1_182,71,barcode04
AF384372.1_185,71,barcode04
AF384372.1_188,71,barcode04
AF384372.1_191,68,barcode04
AF384372.1_194,69,barcode04
AF384372.1_200,71,barcode04
AF384372.1_203,71,barcode04
AF384372.1_209,70,barcode04
AF384372.1_212,71,barcode04
AF384372.1_215,71,barcode04
AF384372.1_224,71,barcode04
AF384372.1_225,71,barcode04
AF384372.1_231,71,barcode04
AF384372.1_239,69,barcode04
AF384372.1_242,68,barcode04
AF384372.1_245,66,barcode04
AF384372.1_257,65,barcode04
AF384372.1_258,65,barcode04
AF384372.1_260,67,barcode04
AF384372.1_263,66,barcode04
AF384372.1_268,65,barcode04
AF384372.1_275,67,barcode04
AF384372.1_280,66,barcode04
AF384372.1_282,66,barcode04
AF384372.1_287,66,barcode04
AF384372.1_288,66,barcode04
AF384372.1_299,64,barcode04
AF384372.1_301,64,barcode04
AF384372.1_305,66,barcode04
AF384372.1_314,64,barcode04
AF384372.1_317,65,barcode04
AF384372.1_320,65,barcode04
AF384372.1_321,65,barcode04
AF384372.1_329,62,barcode04
AF384372.1_330,62,barcode04
AF384372.1_335,62,barcode04
AF384372.1_338,62,barcode04
AF384372.1_340,62,barcode04
AF384372.1_351,62,barcode04
AF384372.1_352,62,barcode04
AF384372.1_356,62,barcode04
AF384372.1_371,60,barcode04
AF384372.1_378,61,barcode04
AF384372.1_380,61,barcode04
AF384372.1_398,57,barcode04
AF384372.1_401,59,barcode04
AF384372.1_422,59,barcode04
AF384372.1_476,56,barcode04
AF384372.1_484,55,barcode04
AF384372.1_503,55,barcode04
AF384372.1_537,19,barcode04
AF384372.1_549,18,barcode04
AF384372.1_616,16,barcode04
AF384372.1_617,16,barcode04
AF384372.1_619,16,barcode04
AF384372.1_620,16,barcode04
AF384372.1_623,16,barcode04
AF384372.1_636,16,barcode04
AF384372.1_660,15,barcode04
AF384372.1_666,13,barcode04
AF384372.1_669,16,barcode04
AF384372.1_672,16,barcode04
AF384372.1_678,16,barcode04
AF384372.1_687,15,barcode04
AF384372.1_691,16,barcode04
AF384372.1_692,16,barcode04
AF384372.1_693,16,barcode04
AF384372.1_705,16,barcode04
AF384372.1_709,15,barcode04
AF384372.1_710,16,barcode04
AF384372.1_717,16,barcode04
AF384372.1_720,15,barcode04
AF384372.1_727,14,barcode04
AF384372.1_741,10,barcode04
AF384372.1_742,10,barcode04
AF384372.1_747,10,barcode04
AF384372.1_748,10,barcode04
AF384372.1_750,10,barcode04
AF384372.1_753,10,barcode04
AF384372.1_754,10,barcode04
AF384372.1_756,10,barcode04
AF384372.1_758,10,barcode04
AF384372.1_770,10,barcode04
AF384372.1_774,10,barcode04
AF384372.1_783,10,barcode04
AF384372.1_787,10,barcode04
AF384372.1_788,10,barcode04
AF384372.1_789,10,barcode04
AF384372.1_796,10,barcode04
AF384372.1_797,10,barcode04
AF384372.1_798,10,barcode04
AF384372.1_801,10,barcode04
AF384372.1_864,10,barcode04
AF384372.1_867,10,barcode04
AF384372.1_870,10,barcode04
AF384372.1_893,10,barcode04
AF384372.1_909,10,barcode04
AF384372.1_912,10,barcode04
AF384372.1_913,10,barcode04
AF384372.1_915,10,barcode04
AF384372.1_918,10,barcode04
AF384372.1_921,10,barcode04
AF384372.1_930,11,barcode04
AF384372.1_937,10,barcode04
AF384372.1_939,11,barcode04
AF384372.1_945,11,barcode04
AF384372.1_948,11,barcode04
AF384372.1_972,11,barcode04
AF384372.1_978,10,barcode04
AF384372.1_1635,11,barcode04
AF384372.1_1645,11,barcode04
AF384372.1_1656,11,barcode04
AF384372.1_1699,11,barcode04
AF384372.1_1753,11,barcode04
AF384372.1_2199,20,barcode04
AF384372.1_2208,20,barcode04
AF384372.1_2209,19,barcode04
AF384372.1_2211,20,barcode04
AF384372.1_2217,21,barcode04
AF384372.1_2223,22,barcode04
AF384372.1_2226,22,barcode04
AF384372.1_2234,20,barcode04
AF384372.1_2244,24,barcode04
AF384372.1_2245,24,barcode04
AF384372.1_2247,24,barcode04
AF384372.1_2256,24,barcode04
AF384372.1_2262,24,barcode04
AF384372.1_2272,25,barcode04
AF384372.1_2274,25,barcode04
AF384372.1_2292,30,barcode04
AF384372.1_2299,29,barcode04
AF384372.1_2301,29,barcode04
AF384372.1_2307,29,barcode04
AF384372.1_2325,29,barcode04
AF384372.1_2331,21,barcode04
AF384372.1_2337,29,barcode04
AF384372.1_2346,30,barcode04
AF384372.1_2355,31,barcode04
AF384372.1_2356,31,barcode04
AF384372.1_2358,31,barcode04
AF384372.1_2365,30,barcode04
AF384372.1_2367,31,barcode04
AF384372.1_2373,31,barcode04
AF384372.1_2382,32,barcode04
AF384372.1_2388,32,barcode04
AF384372.1_2397,31,barcode04
AF384372.1_2398,31,barcode04
AF384372.1_2427,33,barcode04
AF384372.1_2431,33,barcode04
AF384372.1_2439,33,barcode04
AF384372.1_2440,33,barcode04
AF384372.1_2460,35,barcode04
AF384372.1_2470,35,barcode04
AF384372.1_2475,35,barcode04
AF384372.1_2476,36,barcode04
AF384372.1_2478,36,barcode04
AF384372.1_2511,39,barcode04
AF384372.1_2523,41,barcode04
AF384372.1_2534,41,barcode04
AF384372.1_2535,41,barcode04
AF384372.1_2589,48,barcode04
AF384372.1_2601,49,barcode04
AF384372.1_2622,49,barcode04
AF384372.1_2628,51,barcode04
AF384372.1_2634,50,barcode04
AF384372.1_2637,50,barcode04
AF384372.1_2659,54,barcode04
AF384372.1_2664,54,barcode04
AF384372.1_2676,57,barcode04
AF384372.1_2688,57,barcode04
AF384372.1_2691,58,barcode04
AF384372.1_2712,58,barcode04
AF384372.1_2730,59,barcode04
AF384372.1_2754,58,barcode04
AF384372.1_2757,58,barcode04
AF384372.1_2763,58,barcode04
AF384372.1_2766,55,barcode04
AF384372.1_2775,58,barcode04
AF384372.1_2778,55,barcode04
AF384372.1_2784,56,barcode04
AF384372.1_2787,57,barcode04
AF384372.1_2790,54,barcode04
AF384372.1_2793,52,barcode04
AF384372.1_2802,58,barcode04
AF384372.1_2804,58,barcode04
AF384372.1_2816,56,barcode04
AF384372.1_2823,57,barcode04
AF384372.1_2829,57,barcode04
AF384372.1_2849,57,barcode04
AF384372.1_2866,981,barcode04
AF384372.1_2867,981,barcode04
AF384372.1_2879,1044,barcode04
AF384372.1_2935,1127,barcode04
AF384372.1_2937,1143,barcode04
AF384372.1_2939,1140,barcode04
AF384372.1_2948,1146,barcode04
AF384372.1_2950,1146,barcode04
AF384372.1_2951,1144,barcode04
AF384372.1_2964,1147,barcode04
AF384372.1_2978,1109,barcode04
AF384372.1_2983,1150,barcode04
AF384372.1_2986,1149,barcode04
AF384372.1_2992,1121,barcode04
AF384372.1_2993,1122,barcode04
AF384372.1_3002,1145,barcode04
AF384372.1_3005,1133,barcode04
AF384372.1_3007,1135,barcode04
AF384372.1_3008,1144,barcode04
AF384372.1_3012,1189,barcode04
AF384372.1_3024,1165,barcode04
AF384372.1_3026,1188,barcode04
AF384372.1_3045,1134,barcode04
AF384372.1_3052,1137,barcode04
AF384372.1_3078,1110,barcode04
AF384372.1_3114,1081,barcode04
AF384372.1_3121,1035,barcode04
CHROM_POS,DP,barcode01
AF384372.1_17,193,barcode01
AF384372.1_26,191,barcode01
AF384372.1_76,52,barcode01
AF384372.1_95,52,barcode01
AF384372.1_114,48,barcode01
AF384372.1_131,45,barcode01
AF384372.1_158,38,barcode01
AF384372.1_161,39,barcode01
AF384372.1_162,38,barcode01
AF384372.1_170,37,barcode01
AF384372.1_173,38,barcode01
AF384372.1_176,38,barcode01
AF384372.1_185,38,barcode01
AF384372.1_200,38,barcode01
AF384372.1_209,38,barcode01
AF384372.1_215,38,barcode01
AF384372.1_218,38,barcode01
AF384372.1_230,35,barcode01
AF384372.1_236,35,barcode01
AF384372.1_239,33,barcode01
AF384372.1_254,32,barcode01
AF384372.1_260,30,barcode01
AF384372.1_263,30,barcode01
AF384372.1_268,21,barcode01
AF384372.1_269,25,barcode01
AF384372.1_272,28,barcode01
AF384372.1_273,29,barcode01
AF384372.1_275,30,barcode01
AF384372.1_280,30,barcode01
AF384372.1_284,30,barcode01
AF384372.1_287,30,barcode01
AF384372.1_300,29,barcode01
AF384372.1_314,29,barcode01
AF384372.1_329,27,barcode01
AF384372.1_330,27,barcode01
AF384372.1_341,26,barcode01
AF384372.1_351,25,barcode01
AF384372.1_352,25,barcode01
AF384372.1_368,25,barcode01
AF384372.1_369,25,barcode01
AF384372.1_374,25,barcode01
AF384372.1_378,24,barcode01
AF384372.1_381,24,barcode01
AF384372.1_398,23,barcode01
AF384372.1_404,23,barcode01
AF384372.1_422,23,barcode01
AF384372.1_425,23,barcode01
AF384372.1_426,23,barcode01
AF384372.1_428,23,barcode01
AF384372.1_443,21,barcode01
AF384372.1_470,21,barcode01
AF384372.1_476,21,barcode01
AF384372.1_484,20,barcode01
AF384372.1_515,17,barcode01
AF384372.1_517,17,barcode01
AF384372.1_534,17,barcode01
AF384372.1_537,17,barcode01
AF384372.1_581,12,barcode01
AF384372.1_636,10,barcode01
AF384372.1_2511,10,barcode01
AF384372.1_2523,10,barcode01
AF384372.1_2534,10,barcode01
AF384372.1_2535,10,barcode01
AF384372.1_2544,12,barcode01
AF384372.1_2580,12,barcode01
AF384372.1_2622,11,barcode01
AF384372.1_2634,12,barcode01
AF384372.1_2637,12,barcode01
AF384372.1_2640,12,barcode01
AF384372.1_2643,12,barcode01
AF384372.1_2649,12,barcode01
AF384372.1_2667,12,barcode01
AF384372.1_2691,12,barcode01
AF384372.1_2695,12,barcode01
AF384372.1_2709,13,barcode01
AF384372.1_2712,13,barcode01
AF384372.1_2730,13,barcode01
AF384372.1_2757,11,barcode01
AF384372.1_2778,13,barcode01
AF384372.1_2784,13,barcode01
AF384372.1_2790,13,barcode01
AF384372.1_2800,12,barcode01
AF384372.1_2802,13,barcode01
AF384372.1_2804,13,barcode01
AF384372.1_2813,13,barcode01
AF384372.1_2817,13,barcode01
AF384372.1_2866,632,barcode01
AF384372.1_2867,633,barcode01
AF384372.1_2879,673,barcode01
AF384372.1_2910,698,barcode01
AF384372.1_2936,2898,barcode01
AF384372.1_2940,2907,barcode01
AF384372.1_2943,2901,barcode01
AF384372.1_2964,2922,barcode01
AF384372.1_2966,2909,barcode01
AF384372.1_2979,2809,barcode01
AF384372.1_3008,2920,barcode01
AF384372.1_3032,2909,barcode01
AF384372.1_3052,3565,barcode01
AF384372.1_3078,3197,barcode01
AF384372.1_3107,2960,barcode01
AF384372.1_3108,3012,barcode01
CHROM_POS,DP,barcode09
AF384372.1_17,54,barcode09
AF384372.1_26,53,barcode09
AF384372.1_38,50,barcode09
AF384372.1_76,49,barcode09
AF384372.1_95,54,barcode09
AF384372.1_122,54,barcode09
AF384372.1_125,54,barcode09
AF384372.1_141,52,barcode09
AF384372.1_146,53,barcode09
AF384372.1_151,52,barcode09
AF384372.1_152,53,barcode09
AF384372.1_155,52,barcode09
AF384372.1_159,53,barcode09
AF384372.1_164,53,barcode09
AF384372.1_167,52,barcode09
AF384372.1_170,53,barcode09
AF384372.1_182,52,barcode09
AF384372.1_185,52,barcode09
AF384372.1_188,52,barcode09
AF384372.1_191,51,barcode09
AF384372.1_194,52,barcode09
AF384372.1_200,54,barcode09
AF384372.1_203,53,barcode09
AF384372.1_204,52,barcode09
AF384372.1_212,55,barcode09
AF384372.1_239,46,barcode09
AF384372.1_242,46,barcode09
AF384372.1_258,44,barcode09
AF384372.1_260,45,barcode09
AF384372.1_263,45,barcode09
AF384372.1_267,45,barcode09
AF384372.1_275,44,barcode09
AF384372.1_280,45,barcode09
AF384372.1_282,45,barcode09
AF384372.1_287,45,barcode09
AF384372.1_299,44,barcode09
AF384372.1_301,44,barcode09
AF384372.1_317,45,barcode09
AF384372.1_321,45,barcode09
AF384372.1_323,42,barcode09
AF384372.1_329,45,barcode09
AF384372.1_338,43,barcode09
AF384372.1_340,43,barcode09
AF384372.1_341,43,barcode09
AF384372.1_350,43,barcode09
AF384372.1_351,43,barcode09
AF384372.1_352,43,barcode09
AF384372.1_354,43,barcode09
AF384372.1_365,43,barcode09
AF384372.1_371,43,barcode09
AF384372.1_380,42,barcode09
AF384372.1_381,42,barcode09
AF384372.1_398,34,barcode09
AF384372.1_422,34,barcode09
AF384372.1_443,34,barcode09
AF384372.1_467,32,barcode09
AF384372.1_468,32,barcode09
AF384372.1_476,31,barcode09
AF384372.1_479,31,barcode09
AF384372.1_484,29,barcode09
AF384372.1_498,30,barcode09
AF384372.1_503,30,barcode09
AF384372.1_510,27,barcode09
AF384372.1_516,27,barcode09
AF384372.1_517,27,barcode09
AF384372.1_522,24,barcode09
AF384372.1_532,27,barcode09
AF384372.1_537,26,barcode09
AF384372.1_573,25,barcode09
AF384372.1_581,24,barcode09
AF384372.1_616,21,barcode09
AF384372.1_617,21,barcode09
AF384372.1_619,21,barcode09
AF384372.1_620,21,barcode09
AF384372.1_623,20,barcode09
AF384372.1_624,21,barcode09
AF384372.1_636,21,barcode09
AF384372.1_660,18,barcode09
AF384372.1_666,16,barcode09
AF384372.1_672,17,barcode09
AF384372.1_675,17,barcode09
AF384372.1_703,16,barcode09
AF384372.1_705,16,barcode09
AF384372.1_709,16,barcode09
AF384372.1_710,16,barcode09
AF384372.1_717,16,barcode09
AF384372.1_720,16,barcode09
AF384372.1_727,16,barcode09
AF384372.1_729,16,barcode09
AF384372.1_741,12,barcode09
AF384372.1_742,12,barcode09
AF384372.1_744,12,barcode09
AF384372.1_747,12,barcode09
AF384372.1_748,12,barcode09
AF384372.1_750,12,barcode09
AF384372.1_753,12,barcode09
AF384372.1_754,12,barcode09
AF384372.1_755,12,barcode09
AF384372.1_758,12,barcode09
AF384372.1_763,12,barcode09
AF384372.1_770,12,barcode09
AF384372.1_774,12,barcode09
AF384372.1_780,12,barcode09
AF384372.1_783,12,barcode09
AF384372.1_786,12,barcode09
AF384372.1_787,12,barcode09
AF384372.1_788,12,barcode09
AF384372.1_789,12,barcode09
AF384372.1_796,12,barcode09
AF384372.1_797,12,barcode09
AF384372.1_798,12,barcode09
AF384372.1_801,12,barcode09
AF384372.1_813,12,barcode09
AF384372.1_814,12,barcode09
AF384372.1_816,12,barcode09
AF384372.1_822,12,barcode09
AF384372.1_828,12,barcode09
AF384372.1_831,12,barcode09
AF384372.1_840,11,barcode09
AF384372.1_841,11,barcode09
AF384372.1_852,11,barcode09
AF384372.1_855,11,barcode09
AF384372.1_858,11,barcode09
AF384372.1_859,11,barcode09
AF384372.1_864,11,barcode09
AF384372.1_870,11,barcode09
AF384372.1_891,11,barcode09
AF384372.1_909,11,barcode09
AF384372.1_912,11,barcode09
AF384372.1_913,11,barcode09
AF384372.1_918,11,barcode09
AF384372.1_921,11,barcode09
AF384372.1_930,11,barcode09
AF384372.1_937,11,barcode09
AF384372.1_939,11,barcode09
AF384372.1_951,10,barcode09
AF384372.1_954,10,barcode09
AF384372.1_955,10,barcode09
AF384372.1_2187,10,barcode09
AF384372.1_2193,10,barcode09
AF384372.1_2199,28,barcode09
AF384372.1_2211,27,barcode09
AF384372.1_2217,28,barcode09
AF384372.1_2220,29,barcode09
AF384372.1_2223,29,barcode09
AF384372.1_2234,32,barcode09
AF384372.1_2244,34,barcode09
AF384372.1_2245,33,barcode09
AF384372.1_2247,34,barcode09
AF384372.1_2256,34,barcode09
AF384372.1_2262,36,barcode09
AF384372.1_2272,38,barcode09
AF384372.1_2274,38,barcode09
AF384372.1_2277,38,barcode09
AF384372.1_2292,38,barcode09
AF384372.1_2298,38,barcode09
AF384372.1_2299,38,barcode09
AF384372.1_2301,38,barcode09
AF384372.1_2307,40,barcode09
AF384372.1_2318,40,barcode09
AF384372.1_2325,40,barcode09
AF384372.1_2334,40,barcode09
AF384372.1_2337,40,barcode09
AF384372.1_2346,41,barcode09
AF384372.1_2355,40,barcode09
AF384372.1_2356,40,barcode09
AF384372.1_2358,42,barcode09
AF384372.1_2364,43,barcode09
AF384372.1_2367,43,barcode09
AF384372.1_2371,42,barcode09
AF384372.1_2373,43,barcode09
AF384372.1_2388,43,barcode09
AF384372.1_2397,43,barcode09
AF384372.1_2398,41,barcode09
AF384372.1_2427,46,barcode09
AF384372.1_2439,46,barcode09
AF384372.1_2440,47,barcode09
AF384372.1_2460,48,barcode09
AF384372.1_2470,47,barcode09
AF384372.1_2475,48,barcode09
AF384372.1_2476,48,barcode09
AF384372.1_2478,47,barcode09
AF384372.1_2511,48,barcode09
AF384372.1_2523,49,barcode09
AF384372.1_2534,49,barcode09
AF384372.1_2535,46,barcode09
AF384372.1_2589,55,barcode09
AF384372.1_2595,56,barcode09
AF384372.1_2601,56,barcode09
AF384372.1_2622,54,barcode09
AF384372.1_2625,57,barcode09
AF384372.1_2626,57,barcode09
AF384372.1_2634,57,barcode09
AF384372.1_2637,56,barcode09
AF384372.1_2659,56,barcode09
AF384372.1_2664,57,barcode09
AF384372.1_2688,56,barcode09
AF384372.1_2691,57,barcode09
AF384372.1_2730,58,barcode09
AF384372.1_2757,54,barcode09
AF384372.1_2766,54,barcode09
AF384372.1_2769,54,barcode09
AF384372.1_2770,58,barcode09
AF384372.1_2775,60,barcode09
AF384372.1_2778,57,barcode09
AF384372.1_2784,59,barcode09
AF384372.1_2787,60,barcode09
AF384372.1_2793,54,barcode09
AF384372.1_2804,62,barcode09
AF384372.1_2816,62,barcode09
AF384372.1_2823,62,barcode09
AF384372.1_2829,62,barcode09
AF384372.1_2849,65,barcode09
AF384372.1_2866,8003,barcode09
AF384372.1_2867,8005,barcode09
AF384372.1_2879,8005,barcode09
AF384372.1_2935,176,barcode09
AF384372.1_2938,8040,barcode09
AF384372.1_2941,8024,barcode09
AF384372.1_2942,8021,barcode09
AF384372.1_2948,8043,barcode09
AF384372.1_2950,8040,barcode09
AF384372.1_2951,8038,barcode09
AF384372.1_2958,7937,barcode09
AF384372.1_2978,7811,barcode09
AF384372.1_2983,8026,barcode09
AF384372.1_2985,8026,barcode09
AF384372.1_2986,8031,barcode09
AF384372.1_2992,8013,barcode09
AF384372.1_3002,8046,barcode09
AF384372.1_3005,8003,barcode09
AF384372.1_3007,7946,barcode09
AF384372.1_3008,8024,barcode09
AF384372.1_3012,8035,barcode09
AF384372.1_3024,7937,barcode09
AF384372.1_3026,8036,barcode09
AF384372.1_3045,7984,barcode09
AF384372.1_3052,7998,barcode09
AF384372.1_3059,7964,barcode09
AF384372.1_3067,7977,barcode09
AF384372.1_3069,7969,barcode09
CHROM_POS,DP,barcode05
AF384372.1_17,73,barcode05
AF384372.1_25,72,barcode05
AF384372.1_26,72,barcode05
AF384372.1_76,84,barcode05
AF384372.1_95,87,barcode05
AF384372.1_122,62,barcode05
AF384372.1_152,49,barcode05
AF384372.1_155,49,barcode05
AF384372.1_158,49,barcode05
AF384372.1_164,45,barcode05
AF384372.1_167,45,barcode05
AF384372.1_168,46,barcode05
AF384372.1_170,46,barcode05
AF384372.1_182,43,barcode05
AF384372.1_185,43,barcode05
AF384372.1_188,41,barcode05
AF384372.1_191,41,barcode05
AF384372.1_194,42,barcode05
AF384372.1_200,42,barcode05
AF384372.1_203,42,barcode05
AF384372.1_209,37,barcode05
AF384372.1_212,36,barcode05
AF384372.1_215,37,barcode05
AF384372.1_224,28,barcode05
AF384372.1_225,29,barcode05
AF384372.1_231,28,barcode05
AF384372.1_239,19,barcode05
AF384372.1_242,20,barcode05
AF384372.1_245,19,barcode05
AF384372.1_257,17,barcode05
AF384372.1_258,18,barcode05
AF384372.1_260,18,barcode05
AF384372.1_263,18,barcode05
AF384372.1_268,17,barcode05
AF384372.1_275,18,barcode05
AF384372.1_280,18,barcode05
AF384372.1_282,18,barcode05
AF384372.1_287,18,barcode05
AF384372.1_288,18,barcode05
AF384372.1_299,18,barcode05
AF384372.1_301,18,barcode05
AF384372.1_305,17,barcode05
AF384372.1_314,18,barcode05
AF384372.1_317,18,barcode05
AF384372.1_320,18,barcode05
AF384372.1_321,18,barcode05
AF384372.1_329,18,barcode05
AF384372.1_330,18,barcode05
AF384372.1_335,18,barcode05
AF384372.1_338,18,barcode05
AF384372.1_340,18,barcode05
AF384372.1_351,18,barcode05
AF384372.1_352,18,barcode05
AF384372.1_356,18,barcode05
AF384372.1_371,18,barcode05
AF384372.1_378,18,barcode05
AF384372.1_380,18,barcode05
AF384372.1_398,19,barcode05
AF384372.1_401,19,barcode05
AF384372.1_422,20,barcode05
AF384372.1_476,21,barcode05
AF384372.1_484,21,barcode05
AF384372.1_503,22,barcode05
AF384372.1_537,22,barcode05
AF384372.1_549,19,barcode05
AF384372.1_616,15,barcode05
AF384372.1_617,15,barcode05
AF384372.1_619,15,barcode05
AF384372.1_620,15,barcode05
AF384372.1_623,14,barcode05
AF384372.1_636,15,barcode05
AF384372.1_660,12,barcode05
AF384372.1_666,12,barcode05
AF384372.1_669,13,barcode05
AF384372.1_672,13,barcode05
AF384372.1_678,13,barcode05
AF384372.1_687,13,barcode05
AF384372.1_691,12,barcode05
AF384372.1_692,12,barcode05
AF384372.1_693,12,barcode05
AF384372.1_705,12,barcode05
AF384372.1_709,12,barcode05
AF384372.1_710,11,barcode05
AF384372.1_717,12,barcode05
AF384372.1_720,12,barcode05
AF384372.1_727,10,barcode05
AF384372.1_741,11,barcode05
AF384372.1_742,11,barcode05
AF384372.1_744,11,barcode05
AF384372.1_747,11,barcode05
AF384372.1_748,11,barcode05
AF384372.1_750,11,barcode05
AF384372.1_753,11,barcode05
AF384372.1_754,11,barcode05
AF384372.1_756,11,barcode05
AF384372.1_758,11,barcode05
AF384372.1_763,11,barcode05
AF384372.1_770,11,barcode05
AF384372.1_774,11,barcode05
AF384372.1_783,11,barcode05
AF384372.1_787,11,barcode05
AF384372.1_788,11,barcode05
AF384372.1_789,11,barcode05
AF384372.1_796,11,barcode05
AF384372.1_797,11,barcode05
AF384372.1_798,11,barcode05
AF384372.1_801,11,barcode05
AF384372.1_814,11,barcode05
AF384372.1_2866,145,barcode05
AF384372.1_2867,145,barcode05
AF384372.1_2879,179,barcode05
AF384372.1_2935,180,barcode05
AF384372.1_2937,191,barcode05
AF384372.1_2939,189,barcode05
AF384372.1_2948,193,barcode05
AF384372.1_2950,193,barcode05
AF384372.1_2951,192,barcode05
AF384372.1_2964,192,barcode05
AF384372.1_2978,193,barcode05
AF384372.1_2983,195,barcode05
AF384372.1_2986,196,barcode05
AF384372.1_2992,192,barcode05
AF384372.1_2993,191,barcode05
AF384372.1_3002,194,barcode05
AF384372.1_3005,194,barcode05
AF384372.1_3007,193,barcode05
AF384372.1_3008,193,barcode05
AF384372.1_3012,195,barcode05
AF384372.1_3024,192,barcode05
AF384372.1_3026,194,barcode05
AF384372.1_3045,157,barcode05
AF384372.1_3052,157,barcode05
AF384372.1_3078,146,barcode05
CHROM_POS,DP,barcode08
AF384372.1_17,32,barcode08
AF384372.1_26,32,barcode08
AF384372.1_76,38,barcode08
AF384372.1_95,32,barcode08
AF384372.1_114,35,barcode08
AF384372.1_131,31,barcode08
AF384372.1_158,30,barcode08
AF384372.1_159,30,barcode08
AF384372.1_161,29,barcode08
AF384372.1_162,29,barcode08
AF384372.1_170,29,barcode08
AF384372.1_173,29,barcode08
AF384372.1_176,29,barcode08
AF384372.1_185,27,barcode08
AF384372.1_188,27,barcode08
AF384372.1_200,27,barcode08
AF384372.1_209,26,barcode08
AF384372.1_215,23,barcode08
AF384372.1_230,22,barcode08
AF384372.1_236,19,barcode08
AF384372.1_239,15,barcode08
AF384372.1_242,15,barcode08
AF384372.1_254,15,barcode08
AF384372.1_260,15,barcode08
AF384372.1_263,15,barcode08
AF384372.1_269,11,barcode08
AF384372.1_272,14,barcode08
AF384372.1_273,14,barcode08
AF384372.1_275,14,barcode08
AF384372.1_280,14,barcode08
AF384372.1_284,14,barcode08
AF384372.1_287,12,barcode08
AF384372.1_299,13,barcode08
AF384372.1_300,13,barcode08
AF384372.1_301,12,barcode08
AF384372.1_314,11,barcode08
AF384372.1_2866,303,barcode08
AF384372.1_2867,303,barcode08
AF384372.1_2879,371,barcode08
AF384372.1_2938,396,barcode08
AF384372.1_2939,395,barcode08
AF384372.1_2940,397,barcode08
AF384372.1_2981,396,barcode08
AF384372.1_3008,395,barcode08
AF384372.1_3032,399,barcode08
AF384372.1_3052,467,barcode08
AF384372.1_3062,458,barcode08
AF384372.1_3107,279,barcode08
AF384372.1_3108,281,barcode08
CHROM_POS,DP,barcode13
CHROM_POS,DP,barcode16
AF384372.1_17,6685,barcode16
AF384372.1_76,6964,barcode16
AF384372.1_159,7160,barcode16
AF384372.1_188,7149,barcode16
AF384372.1_239,1280,barcode16
AF384372.1_242,1260,barcode16
AF384372.1_260,1252,barcode16
AF384372.1_268,1237,barcode16
AF384372.1_284,1250,barcode16
AF384372.1_314,1249,barcode16
AF384372.1_350,1255,barcode16
AF384372.1_381,1253,barcode16
AF384372.1_398,1256,barcode16
AF384372.1_431,1276,barcode16
AF384372.1_473,1261,barcode16
AF384372.1_476,1272,barcode16
AF384372.1_484,1261,barcode16
AF384372.1_534,1273,barcode16
AF384372.1_537,1276,barcode16
AF384372.1_636,1274,barcode16
AF384372.1_645,1276,barcode16
AF384372.1_660,1277,barcode16
AF384372.1_666,1277,barcode16
AF384372.1_684,1261,barcode16
AF384372.1_691,1272,barcode16
AF384372.1_692,1267,barcode16
AF384372.1_703,1264,barcode16
AF384372.1_705,1269,barcode16
AF384372.1_717,1269,barcode16
AF384372.1_720,1258,barcode16
AF384372.1_727,1239,barcode16
AF384372.1_738,1265,barcode16
AF384372.1_751,1266,barcode16
AF384372.1_754,1270,barcode16
AF384372.1_763,1263,barcode16
AF384372.1_765,1271,barcode16
AF384372.1_770,1262,barcode16
AF384372.1_777,1236,barcode16
AF384372.1_780,1216,barcode16
AF384372.1_789,1266,barcode16
AF384372.1_798,1267,barcode16
AF384372.1_805,1264,barcode16
AF384372.1_831,1254,barcode16
AF384372.1_837,1247,barcode16
AF384372.1_840,1258,barcode16
AF384372.1_841,1260,barcode16
AF384372.1_846,1199,barcode16
AF384372.1_861,1251,barcode16
AF384372.1_864,1251,barcode16
AF384372.1_870,1256,barcode16
AF384372.1_873,1258,barcode16
AF384372.1_879,1250,barcode16
AF384372.1_888,14,barcode16
AF384372.1_891,13,barcode16
AF384372.1_892,12,barcode16
AF384372.1_896,10,barcode16
AF384372.1_1586,15,barcode16
AF384372.1_1592,14,barcode16
AF384372.1_1593,15,barcode16
AF384372.1_1599,16,barcode16
AF384372.1_1620,16,barcode16
AF384372.1_1623,16,barcode16
AF384372.1_1629,19,barcode16
AF384372.1_1644,20,barcode16
AF384372.1_1666,20,barcode16
AF384372.1_1699,20,barcode16
AF384372.1_1707,20,barcode16
AF384372.1_1753,20,barcode16
AF384372.1_1780,14,barcode16
AF384372.1_1781,14,barcode16
AF384372.1_1790,14,barcode16
AF384372.1_2029,15,barcode16
AF384372.1_2058,19,barcode16
AF384372.1_2096,21,barcode16
AF384372.1_2098,21,barcode16
AF384372.1_2101,21,barcode16
AF384372.1_2104,21,barcode16
AF384372.1_2139,24,barcode16
AF384372.1_2145,24,barcode16
AF384372.1_2146,24,barcode16
AF384372.1_2148,23,barcode16
AF384372.1_2154,25,barcode16
AF384372.1_2158,25,barcode16
AF384372.1_2160,25,barcode16
AF384372.1_2166,25,barcode16
AF384372.1_2169,25,barcode16
AF384372.1_2199,31,barcode16
AF384372.1_2208,32,barcode16
AF384372.1_2211,32,barcode16
AF384372.1_2214,31,barcode16
AF384372.1_2217,32,barcode16
AF384372.1_2220,32,barcode16
AF384372.1_2223,31,barcode16
AF384372.1_2234,39,barcode16
AF384372.1_2254,42,barcode16
AF384372.1_2256,42,barcode16
AF384372.1_2262,52,barcode16
AF384372.1_2271,245,barcode16
AF384372.1_2272,245,barcode16
AF384372.1_2274,242,barcode16
AF384372.1_2299,275,barcode16
AF384372.1_2307,274,barcode16
AF384372.1_2319,275,barcode16
AF384372.1_2325,272,barcode16
AF384372.1_2334,276,barcode16
AF384372.1_2337,278,barcode16
AF384372.1_2346,280,barcode16
AF384372.1_2355,282,barcode16
AF384372.1_2360,282,barcode16
AF384372.1_2383,282,barcode16
AF384372.1_2385,274,barcode16
AF384372.1_2388,284,barcode16
AF384372.1_2397,275,barcode16
AF384372.1_2427,278,barcode16
AF384372.1_2428,285,barcode16
AF384372.1_2436,284,barcode16
AF384372.1_2440,283,barcode16
AF384372.1_2460,285,barcode16
AF384372.1_2470,284,barcode16
AF384372.1_2472,282,barcode16
AF384372.1_2476,288,barcode16
AF384372.1_2478,285,barcode16
AF384372.1_2511,299,barcode16
AF384372.1_2523,307,barcode16
AF384372.1_2534,307,barcode16
AF384372.1_2535,306,barcode16
AF384372.1_2557,312,barcode16
AF384372.1_2592,313,barcode16
AF384372.1_2611,317,barcode16
AF384372.1_2619,280,barcode16
AF384372.1_2628,316,barcode16
AF384372.1_2634,315,barcode16
AF384372.1_2637,316,barcode16
AF384372.1_2643,316,barcode16
AF384372.1_2649,320,barcode16
AF384372.1_2652,317,barcode16
AF384372.1_2658,311,barcode16
AF384372.1_2661,320,barcode16
AF384372.1_2664,325,barcode16
AF384372.1_2667,325,barcode16
AF384372.1_2670,318,barcode16
AF384372.1_2673,324,barcode16
AF384372.1_2691,326,barcode16
AF384372.1_2730,326,barcode16
AF384372.1_2757,322,barcode16
AF384372.1_2766,324,barcode16
AF384372.1_2769,301,barcode16
AF384372.1_2778,327,barcode16
AF384372.1_2784,262,barcode16
AF384372.1_2793,322,barcode16
AF384372.1_2796,331,barcode16
AF384372.1_2802,323,barcode16
AF384372.1_2804,321,barcode16
AF384372.1_2808,312,barcode16
AF384372.1_2811,32,barcode16
AF384372.1_2813,318,barcode16
AF384372.1_2817,333,barcode16
AF384372.1_2849,337,barcode16
AF384372.1_2871,360,barcode16
AF384372.1_2879,359,barcode16
AF384372.1_2907,161,barcode16
AF384372.1_2941,3938,barcode16
AF384372.1_2943,3920,barcode16
AF384372.1_2957,3948,barcode16
AF384372.1_2978,3934,barcode16
AF384372.1_3008,3979,barcode16
AF384372.1_3024,3955,barcode16
AF384372.1_3032,3956,barcode16
AF384372.1_3035,3916,barcode16
AF384372.1_3052,3933,barcode16
AF384372.1_3057,3913,barcode16
AF384372.1_3104,3375,barcode16
CHROM_POS,DP,barcode10
AF384372.1_17,15,barcode10
AF384372.1_26,14,barcode10
AF384372.1_38,15,barcode10
AF384372.1_76,14,barcode10
AF384372.1_95,15,barcode10
AF384372.1_122,14,barcode10
AF384372.1_125,14,barcode10
AF384372.1_141,14,barcode10
AF384372.1_146,12,barcode10
AF384372.1_151,13,barcode10
AF384372.1_152,13,barcode10
AF384372.1_155,13,barcode10
AF384372.1_159,12,barcode10
AF384372.1_164,13,barcode10
AF384372.1_167,13,barcode10
AF384372.1_170,13,barcode10
AF384372.1_182,13,barcode10
AF384372.1_185,13,barcode10
AF384372.1_188,13,barcode10
AF384372.1_191,13,barcode10
AF384372.1_194,12,barcode10
AF384372.1_200,13,barcode10
AF384372.1_203,12,barcode10
AF384372.1_204,12,barcode10
AF384372.1_212,13,barcode10
AF384372.1_239,13,barcode10
AF384372.1_242,13,barcode10
AF384372.1_258,13,barcode10
AF384372.1_260,14,barcode10
AF384372.1_263,14,barcode10
AF384372.1_267,14,barcode10
AF384372.1_275,14,barcode10
AF384372.1_280,14,barcode10
AF384372.1_282,14,barcode10
AF384372.1_287,14,barcode10
AF384372.1_299,13,barcode10
AF384372.1_301,14,barcode10
AF384372.1_317,13,barcode10
AF384372.1_321,13,barcode10
AF384372.1_323,13,barcode10
AF384372.1_329,13,barcode10
AF384372.1_338,12,barcode10
AF384372.1_340,12,barcode10
AF384372.1_341,12,barcode10
AF384372.1_350,12,barcode10
AF384372.1_351,12,barcode10
AF384372.1_352,12,barcode10
AF384372.1_354,12,barcode10
AF384372.1_365,12,barcode10
AF384372.1_371,12,barcode10
AF384372.1_380,11,barcode10
AF384372.1_381,11,barcode10
AF384372.1_2154,10,barcode10
AF384372.1_2158,10,barcode10
AF384372.1_2160,10,barcode10
AF384372.1_2166,10,barcode10
AF384372.1_2170,10,barcode10
AF384372.1_2171,10,barcode10
AF384372.1_2175,10,barcode10
AF384372.1_2176,10,barcode10
AF384372.1_2178,10,barcode10
AF384372.1_2187,14,barcode10
AF384372.1_2193,14,barcode10
AF384372.1_2199,25,barcode10
AF384372.1_2211,26,barcode10
AF384372.1_2217,27,barcode10
AF384372.1_2220,27,barcode10
AF384372.1_2223,26,barcode10
AF384372.1_2234,27,barcode10
AF384372.1_2244,28,barcode10
AF384372.1_2245,27,barcode10
AF384372.1_2247,28,barcode10
AF384372.1_2256,28,barcode10
AF384372.1_2262,28,barcode10
AF384372.1_2272,28,barcode10
AF384372.1_2274,28,barcode10
AF384372.1_2277,28,barcode10
AF384372.1_2292,28,barcode10
AF384372.1_2298,28,barcode10
AF384372.1_2299,28,barcode10
AF384372.1_2301,28,barcode10
AF384372.1_2307,29,barcode10
AF384372.1_2318,29,barcode10
AF384372.1_2325,29,barcode10
AF384372.1_2334,29,barcode10
AF384372.1_2337,28,barcode10
AF384372.1_2346,31,barcode10
AF384372.1_2355,32,barcode10
AF384372.1_2356,32,barcode10
AF384372.1_2358,32,barcode10
AF384372.1_2364,32,barcode10
AF384372.1_2367,32,barcode10
AF384372.1_2371,32,barcode10
AF384372.1_2373,32,barcode10
AF384372.1_2388,32,barcode10
AF384372.1_2397,31,barcode10
AF384372.1_2398,31,barcode10
AF384372.1_2427,32,barcode10
AF384372.1_2439,32,barcode10
AF384372.1_2440,32,barcode10
AF384372.1_2460,36,barcode10
AF384372.1_2470,36,barcode10
AF384372.1_2475,36,barcode10
AF384372.1_2476,36,barcode10
AF384372.1_2478,35,barcode10
AF384372.1_2511,38,barcode10
AF384372.1_2523,38,barcode10
AF384372.1_2534,39,barcode10
AF384372.1_2535,40,barcode10
AF384372.1_2589,43,barcode10
AF384372.1_2595,43,barcode10
AF384372.1_2601,43,barcode10
AF384372.1_2622,47,barcode10
AF384372.1_2625,47,barcode10
AF384372.1_2626,47,barcode10
AF384372.1_2634,45,barcode10
AF384372.1_2637,47,barcode10
AF384372.1_2659,46,barcode10
AF384372.1_2664,48,barcode10
AF384372.1_2688,49,barcode10
AF384372.1_2691,49,barcode10
AF384372.1_2730,52,barcode10
AF384372.1_2757,49,barcode10
AF384372.1_2766,47,barcode10
AF384372.1_2769,47,barcode10
AF384372.1_2770,51,barcode10
AF384372.1_2775,51,barcode10
AF384372.1_2778,50,barcode10
AF384372.1_2784,48,barcode10
AF384372.1_2787,50,barcode10
AF384372.1_2793,46,barcode10
AF384372.1_2804,50,barcode10
AF384372.1_2816,48,barcode10
AF384372.1_2823,50,barcode10
AF384372.1_2829,49,barcode10
AF384372.1_2849,51,barcode10
AF384372.1_2862,62,barcode10
AF384372.1_2867,63,barcode10
AF384372.1_2879,65,barcode10
AF384372.1_2938,62,barcode10
AF384372.1_2941,62,barcode10
AF384372.1_2942,62,barcode10
AF384372.1_2948,60,barcode10
AF384372.1_2950,62,barcode10
AF384372.1_2951,62,barcode10
AF384372.1_2958,63,barcode10
AF384372.1_2978,62,barcode10
AF384372.1_2983,62,barcode10
AF384372.1_2985,63,barcode10
AF384372.1_2986,63,barcode10
AF384372.1_2992,63,barcode10
AF384372.1_3002,63,barcode10
AF384372.1_3005,62,barcode10
AF384372.1_3007,62,barcode10
AF384372.1_3008,63,barcode10
AF384372.1_3012,65,barcode10
AF384372.1_3024,65,barcode10
AF384372.1_3026,64,barcode10
AF384372.1_3045,64,barcode10
AF384372.1_3052,64,barcode10
AF384372.1_3059,64,barcode10
AF384372.1_3067,61,barcode10
AF384372.1_3069,61,barcode10
AF384372.1_3114,60,barcode10
AF384372.1_3121,59,barcode10
CHROM_POS,DP,barcode02
AF384372.1_17,28,barcode02
AF384372.1_26,24,barcode02
AF384372.1_76,26,barcode02
AF384372.1_95,28,barcode02
AF384372.1_114,28,barcode02
AF384372.1_131,26,barcode02
AF384372.1_158,23,barcode02
AF384372.1_161,24,barcode02
AF384372.1_162,24,barcode02
AF384372.1_170,23,barcode02
AF384372.1_173,24,barcode02
AF384372.1_176,24,barcode02
AF384372.1_185,25,barcode02
AF384372.1_200,23,barcode02
AF384372.1_209,23,barcode02
AF384372.1_215,21,barcode02
AF384372.1_218,22,barcode02
AF384372.1_230,21,barcode02
AF384372.1_236,12,barcode02
AF384372.1_239,15,barcode02
AF384372.1_254,11,barcode02
AF384372.1_260,10,barcode02
AF384372.1_263,11,barcode02
AF384372.1_269,10,barcode02
AF384372.1_272,10,barcode02
AF384372.1_273,10,barcode02
AF384372.1_280,10,barcode02
AF384372.1_284,10,barcode02
AF384372.1_287,10,barcode02
AF384372.1_300,10,barcode02
AF384372.1_314,10,barcode02
AF384372.1_2096,12,barcode02
AF384372.1_2101,12,barcode02
AF384372.1_2104,12,barcode02
AF384372.1_2125,13,barcode02
AF384372.1_2137,13,barcode02
AF384372.1_2139,13,barcode02
AF384372.1_2145,13,barcode02
AF384372.1_2148,13,barcode02
AF384372.1_2154,14,barcode02
AF384372.1_2158,14,barcode02
AF384372.1_2160,14,barcode02
AF384372.1_2166,14,barcode02
AF384372.1_2169,14,barcode02
AF384372.1_2175,14,barcode02
AF384372.1_2187,14,barcode02
AF384372.1_2190,14,barcode02
AF384372.1_2191,14,barcode02
AF384372.1_2208,15,barcode02
AF384372.1_2209,14,barcode02
AF384372.1_2211,15,barcode02
AF384372.1_2214,14,barcode02
AF384372.1_2217,15,barcode02
AF384372.1_2220,15,barcode02
AF384372.1_2223,15,barcode02
AF384372.1_2234,16,barcode02
AF384372.1_2244,16,barcode02
AF384372.1_2245,16,barcode02
AF384372.1_2247,16,barcode02
AF384372.1_2254,15,barcode02
AF384372.1_2262,16,barcode02
AF384372.1_2268,16,barcode02
AF384372.1_2274,17,barcode02
AF384372.1_2307,19,barcode02
AF384372.1_2313,20,barcode02
AF384372.1_2325,20,barcode02
AF384372.1_2328,20,barcode02
AF384372.1_2331,19,barcode02
AF384372.1_2346,20,barcode02
AF384372.1_2349,21,barcode02
AF384372.1_2367,20,barcode02
AF384372.1_2371,20,barcode02
AF384372.1_2383,21,barcode02
AF384372.1_2388,21,barcode02
AF384372.1_2389,21,barcode02
AF384372.1_2397,19,barcode02
AF384372.1_2427,22,barcode02
AF384372.1_2428,22,barcode02
AF384372.1_2431,22,barcode02
AF384372.1_2436,22,barcode02
AF384372.1_2440,22,barcode02
AF384372.1_2470,21,barcode02
AF384372.1_2472,21,barcode02
AF384372.1_2476,22,barcode02
AF384372.1_2478,22,barcode02
AF384372.1_2511,24,barcode02
AF384372.1_2523,24,barcode02
AF384372.1_2534,24,barcode02
AF384372.1_2535,23,barcode02
AF384372.1_2544,23,barcode02
AF384372.1_2580,24,barcode02
AF384372.1_2622,26,barcode02
AF384372.1_2634,26,barcode02
AF384372.1_2637,26,barcode02
AF384372.1_2640,25,barcode02
AF384372.1_2643,25,barcode02
AF384372.1_2649,27,barcode02
AF384372.1_2667,27,barcode02
AF384372.1_2691,27,barcode02
AF384372.1_2695,28,barcode02
AF384372.1_2709,27,barcode02
AF384372.1_2712,28,barcode02
AF384372.1_2730,29,barcode02
AF384372.1_2757,30,barcode02
AF384372.1_2766,27,barcode02
AF384372.1_2778,32,barcode02
AF384372.1_2784,31,barcode02
AF384372.1_2790,32,barcode02
AF384372.1_2800,27,barcode02
AF384372.1_2802,31,barcode02
AF384372.1_2804,31,barcode02
AF384372.1_2813,32,barcode02
AF384372.1_2817,32,barcode02
AF384372.1_2866,184,barcode02
AF384372.1_2867,184,barcode02
AF384372.1_2879,199,barcode02
AF384372.1_2910,181,barcode02
AF384372.1_2936,2904,barcode02
AF384372.1_2940,2924,barcode02
AF384372.1_2943,2925,barcode02
AF384372.1_2964,2936,barcode02
AF384372.1_2966,2932,barcode02
AF384372.1_2979,2846,barcode02
AF384372.1_3008,2940,barcode02
AF384372.1_3032,2946,barcode02
AF384372.1_3052,2937,barcode02
AF384372.1_3078,2769,barcode02
AF384372.1_3107,2629,barcode02
AF384372.1_3108,2653,barcode02
CHROM_POS,DP,barcode14
AF384372.1_76,25,barcode14
AF384372.1_159,24,barcode14
AF384372.1_188,24,barcode14
AF384372.1_239,22,barcode14
AF384372.1_242,22,barcode14
AF384372.1_260,21,barcode14
AF384372.1_268,20,barcode14
AF384372.1_284,22,barcode14
AF384372.1_314,18,barcode14
AF384372.1_1319,10,barcode14
AF384372.1_1324,10,barcode14
AF384372.1_1326,10,barcode14
AF384372.1_1339,10,barcode14
AF384372.1_1344,10,barcode14
AF384372.1_1348,10,barcode14
AF384372.1_1384,10,barcode14
AF384372.1_1386,10,barcode14
AF384372.1_1392,10,barcode14
AF384372.1_1395,11,barcode14
AF384372.1_1398,11,barcode14
AF384372.1_1404,11,barcode14
AF384372.1_1408,11,barcode14
AF384372.1_1409,11,barcode14
AF384372.1_1426,14,barcode14
AF384372.1_1431,13,barcode14
AF384372.1_1446,13,barcode14
AF384372.1_1464,15,barcode14
AF384372.1_1465,15,barcode14
AF384372.1_1466,15,barcode14
AF384372.1_1475,14,barcode14
AF384372.1_1524,15,barcode14
AF384372.1_1586,15,barcode14
AF384372.1_1592,17,barcode14
AF384372.1_1593,17,barcode14
AF384372.1_1599,17,barcode14
AF384372.1_1620,18,barcode14
AF384372.1_1623,18,barcode14
AF384372.1_1629,18,barcode14
AF384372.1_1644,19,barcode14
AF384372.1_1666,19,barcode14
AF384372.1_1699,19,barcode14
AF384372.1_1707,22,barcode14
AF384372.1_1753,18,barcode14
AF384372.1_1780,19,barcode14
AF384372.1_1781,19,barcode14
AF384372.1_1790,19,barcode14
AF384372.1_2938,13,barcode14
AF384372.1_2948,13,barcode14
AF384372.1_2950,13,barcode14
AF384372.1_2951,13,barcode14
AF384372.1_2957,14,barcode14
AF384372.1_2958,14,barcode14
AF384372.1_2978,13,barcode14
AF384372.1_2983,14,barcode14
AF384372.1_2985,14,barcode14
AF384372.1_2986,14,barcode14
AF384372.1_2992,14,barcode14
AF384372.1_3008,14,barcode14
AF384372.1_3012,14,barcode14
AF384372.1_3024,13,barcode14
AF384372.1_3026,14,barcode14
AF384372.1_3032,14,barcode14
AF384372.1_3035,14,barcode14
AF384372.1_3045,14,barcode14
AF384372.1_3052,14,barcode14
AF384372.1_3057,14,barcode14
AF384372.1_3059,14,barcode14
AF384372.1_3067,14,barcode14
AF384372.1_3069,14,barcode14
AF384372.1_3104,12,barcode14
CHROM_POS,DP,barcode07
AF384372.1_76,11,barcode07
AF384372.1_79,10,barcode07
AF384372.1_95,11,barcode07
AF384372.1_114,11,barcode07
AF384372.1_117,11,barcode07
AF384372.1_131,11,barcode07
AF384372.1_141,11,barcode07
AF384372.1_158,11,barcode07
AF384372.1_161,10,barcode07
AF384372.1_162,10,barcode07
AF384372.1_170,11,barcode07
AF384372.1_173,11,barcode07
AF384372.1_176,11,barcode07
AF384372.1_185,11,barcode07
AF384372.1_200,11,barcode07
AF384372.1_209,11,barcode07
AF384372.1_215,11,barcode07
AF384372.1_218,11,barcode07
AF384372.1_230,11,barcode07
AF384372.1_236,11,barcode07
AF384372.1_2346,10,barcode07
AF384372.1_2349,10,barcode07
AF384372.1_2367,10,barcode07
AF384372.1_2371,10,barcode07
AF384372.1_2383,10,barcode07
AF384372.1_2388,10,barcode07
AF384372.1_2397,10,barcode07
AF384372.1_2409,10,barcode07
AF384372.1_2427,10,barcode07
AF384372.1_2428,10,barcode07
AF384372.1_2436,10,barcode07
AF384372.1_2440,11,barcode07
AF384372.1_2470,13,barcode07
AF384372.1_2472,13,barcode07
AF384372.1_2476,13,barcode07
AF384372.1_2478,12,barcode07
AF384372.1_2511,13,barcode07
AF384372.1_2523,13,barcode07
AF384372.1_2534,13,barcode07
AF384372.1_2535,13,barcode07
AF384372.1_2544,11,barcode07
AF384372.1_2622,13,barcode07
AF384372.1_2634,13,barcode07
AF384372.1_2637,13,barcode07
AF384372.1_2640,13,barcode07
AF384372.1_2643,12,barcode07
AF384372.1_2667,14,barcode07
AF384372.1_2691,16,barcode07
AF384372.1_2695,16,barcode07
AF384372.1_2712,16,barcode07
AF384372.1_2730,16,barcode07
AF384372.1_2757,17,barcode07
AF384372.1_2766,16,barcode07
AF384372.1_2778,17,barcode07
AF384372.1_2790,16,barcode07
AF384372.1_2802,18,barcode07
AF384372.1_2804,18,barcode07
AF384372.1_2813,18,barcode07
AF384372.1_2817,18,barcode07
AF384372.1_2866,67,barcode07
AF384372.1_2867,67,barcode07
AF384372.1_2879,71,barcode07
AF384372.1_2910,70,barcode07
AF384372.1_2936,697,barcode07
AF384372.1_2940,703,barcode07
AF384372.1_2943,701,barcode07
AF384372.1_2964,705,barcode07
AF384372.1_2966,706,barcode07
AF384372.1_2979,688,barcode07
AF384372.1_3008,707,barcode07
AF384372.1_3032,707,barcode07
AF384372.1_3052,706,barcode07
AF384372.1_3067,703,barcode07
AF384372.1_3069,704,barcode07
AF384372.1_3078,669,barcode07
AF384372.1_3107,634,barcode07
AF384372.1_3108,649,barcode07
CHROM_POS,DP,barcode06
AF384372.1_17,27,barcode06
AF384372.1_25,26,barcode06
AF384372.1_26,27,barcode06
AF384372.1_76,26,barcode06
AF384372.1_95,27,barcode06
AF384372.1_122,27,barcode06
AF384372.1_152,27,barcode06
AF384372.1_155,27,barcode06
AF384372.1_158,27,barcode06
AF384372.1_164,26,barcode06
AF384372.1_167,26,barcode06
AF384372.1_168,27,barcode06
AF384372.1_170,27,barcode06
AF384372.1_182,27,barcode06
AF384372.1_185,27,barcode06
AF384372.1_188,26,barcode06
AF384372.1_191,25,barcode06
AF384372.1_194,27,barcode06
AF384372.1_200,27,barcode06
AF384372.1_203,27,barcode06
AF384372.1_209,27,barcode06
AF384372.1_212,27,barcode06
AF384372.1_215,27,barcode06
AF384372.1_224,27,barcode06
AF384372.1_225,27,barcode06
AF384372.1_231,27,barcode06
AF384372.1_239,27,barcode06
AF384372.1_242,27,barcode06
AF384372.1_245,27,barcode06
AF384372.1_257,27,barcode06
AF384372.1_258,27,barcode06
AF384372.1_260,26,barcode06
AF384372.1_263,27,barcode06
AF384372.1_268,27,barcode06
AF384372.1_275,27,barcode06
AF384372.1_280,27,barcode06
AF384372.1_282,27,barcode06
AF384372.1_287,27,barcode06
AF384372.1_288,27,barcode06
AF384372.1_299,27,barcode06
AF384372.1_301,26,barcode06
AF384372.1_305,27,barcode06
AF384372.1_314,27,barcode06
AF384372.1_317,27,barcode06
AF384372.1_320,27,barcode06
AF384372.1_321,27,barcode06
AF384372.1_329,25,barcode06
AF384372.1_330,25,barcode06
AF384372.1_335,25,barcode06
AF384372.1_338,25,barcode06
AF384372.1_340,25,barcode06
AF384372.1_351,26,barcode06
AF384372.1_352,26,barcode06
AF384372.1_356,26,barcode06
AF384372.1_371,25,barcode06
AF384372.1_378,25,barcode06
AF384372.1_380,25,barcode06
AF384372.1_398,25,barcode06
AF384372.1_401,25,barcode06
AF384372.1_422,24,barcode06
AF384372.1_476,23,barcode06
AF384372.1_484,23,barcode06
AF384372.1_503,22,barcode06
AF384372.1_537,18,barcode06
AF384372.1_549,17,barcode06
AF384372.1_616,13,barcode06
AF384372.1_617,13,barcode06
AF384372.1_619,13,barcode06
AF384372.1_620,13,barcode06
AF384372.1_623,13,barcode06
AF384372.1_636,12,barcode06
AF384372.1_660,12,barcode06
AF384372.1_669,10,barcode06
AF384372.1_672,10,barcode06
AF384372.1_2187,10,barcode06
AF384372.1_2193,10,barcode06
AF384372.1_2199,26,barcode06
AF384372.1_2208,27,barcode06
AF384372.1_2209,27,barcode06
AF384372.1_2211,27,barcode06
AF384372.1_2217,31,barcode06
AF384372.1_2223,32,barcode06
AF384372.1_2226,32,barcode06
AF384372.1_2234,31,barcode06
AF384372.1_2244,32,barcode06
AF384372.1_2245,32,barcode06
AF384372.1_2247,32,barcode06
AF384372.1_2256,33,barcode06
AF384372.1_2262,33,barcode06
AF384372.1_2272,33,barcode06
AF384372.1_2274,33,barcode06
AF384372.1_2292,34,barcode06
AF384372.1_2299,34,barcode06
AF384372.1_2301,34,barcode06
AF384372.1_2307,34,barcode06
AF384372.1_2325,33,barcode06
AF384372.1_2331,29,barcode06
AF384372.1_2337,37,barcode06
AF384372.1_2346,37,barcode06
AF384372.1_2355,37,barcode06
AF384372.1_2356,37,barcode06
AF384372.1_2358,37,barcode06
AF384372.1_2365,37,barcode06
AF384372.1_2367,37,barcode06
AF384372.1_2373,37,barcode06
AF384372.1_2382,36,barcode06
AF384372.1_2388,37,barcode06
AF384372.1_2397,36,barcode06
AF384372.1_2398,35,barcode06
AF384372.1_2427,38,barcode06
AF384372.1_2431,38,barcode06
AF384372.1_2439,38,barcode06
AF384372.1_2440,38,barcode06
AF384372.1_2460,38,barcode06
AF384372.1_2470,38,barcode06
AF384372.1_2475,37,barcode06
AF384372.1_2476,38,barcode06
AF384372.1_2478,36,barcode06
AF384372.1_2511,38,barcode06
AF384372.1_2523,39,barcode06
AF384372.1_2534,40,barcode06
AF384372.1_2535,40,barcode06
AF384372.1_2589,47,barcode06
AF384372.1_2601,47,barcode06
AF384372.1_2622,45,barcode06
AF384372.1_2628,48,barcode06
AF384372.1_2634,48,barcode06
AF384372.1_2637,48,barcode06
AF384372.1_2659,48,barcode06
AF384372.1_2664,49,barcode06
AF384372.1_2666,49,barcode06
AF384372.1_2676,50,barcode06
AF384372.1_2688,52,barcode06
AF384372.1_2691,52,barcode06
AF384372.1_2712,51,barcode06
AF384372.1_2730,53,barcode06
AF384372.1_2754,52,barcode06
AF384372.1_2757,54,barcode06
AF384372.1_2763,54,barcode06
AF384372.1_2766,50,barcode06
AF384372.1_2775,54,barcode06
AF384372.1_2778,53,barcode06
AF384372.1_2784,54,barcode06
AF384372.1_2787,51,barcode06
AF384372.1_2790,43,barcode06
AF384372.1_2793,42,barcode06
AF384372.1_2802,55,barcode06
AF384372.1_2804,55,barcode06
AF384372.1_2816,57,barcode06
AF384372.1_2823,58,barcode06
AF384372.1_2829,58,barcode06
AF384372.1_2849,59,barcode06
AF384372.1_2862,71,barcode06
AF384372.1_2879,75,barcode06
AF384372.1_2935,104,barcode06
AF384372.1_2937,111,barcode06
AF384372.1_2939,109,barcode06
AF384372.1_2948,111,barcode06
AF384372.1_2950,112,barcode06
AF384372.1_2951,112,barcode06
AF384372.1_2964,112,barcode06
AF384372.1_2978,107,barcode06
AF384372.1_2983,111,barcode06
AF384372.1_2986,112,barcode06
AF384372.1_2992,109,barcode06
AF384372.1_2993,107,barcode06
AF384372.1_3002,112,barcode06
AF384372.1_3005,112,barcode06
AF384372.1_3007,111,barcode06
AF384372.1_3008,111,barcode06
AF384372.1_3012,112,barcode06
AF384372.1_3024,110,barcode06
AF384372.1_3026,112,barcode06
AF384372.1_3045,110,barcode06
AF384372.1_3052,111,barcode06
AF384372.1_3078,109,barcode06
AF384372.1_3114,108,barcode06
CHROM_POS,DP,barcode15
AF384372.1_17,4690,barcode15
AF384372.1_76,4690,barcode15
AF384372.1_159,2392,barcode15
AF384372.1_188,2435,barcode15
AF384372.1_239,2403,barcode15
AF384372.1_242,2379,barcode15
AF384372.1_260,2323,barcode15
AF384372.1_268,2258,barcode15
AF384372.1_284,2333,barcode15
AF384372.1_314,2061,barcode15
AF384372.1_350,342,barcode15
AF384372.1_381,331,barcode15
AF384372.1_398,308,barcode15
AF384372.1_431,306,barcode15
AF384372.1_473,282,barcode15
AF384372.1_476,284,barcode15
AF384372.1_484,283,barcode15
AF384372.1_534,279,barcode15
AF384372.1_537,283,barcode15
AF384372.1_636,123,barcode15
AF384372.1_645,120,barcode15
AF384372.1_660,117,barcode15
AF384372.1_666,115,barcode15
AF384372.1_684,113,barcode15
AF384372.1_691,112,barcode15
AF384372.1_692,112,barcode15
AF384372.1_703,114,barcode15
AF384372.1_705,114,barcode15
AF384372.1_717,113,barcode15
AF384372.1_720,113,barcode15
AF384372.1_727,115,barcode15
AF384372.1_738,114,barcode15
AF384372.1_751,112,barcode15
AF384372.1_754,113,barcode15
AF384372.1_763,111,barcode15
AF384372.1_765,113,barcode15
AF384372.1_770,111,barcode15
AF384372.1_777,110,barcode15
AF384372.1_780,106,barcode15
AF384372.1_789,111,barcode15
AF384372.1_798,109,barcode15
AF384372.1_805,108,barcode15
AF384372.1_831,107,barcode15
AF384372.1_837,104,barcode15
AF384372.1_840,103,barcode15
AF384372.1_841,105,barcode15
AF384372.1_846,103,barcode15
AF384372.1_861,105,barcode15
AF384372.1_864,105,barcode15
AF384372.1_870,103,barcode15
AF384372.1_873,106,barcode15
AF384372.1_879,102,barcode15
AF384372.1_888,102,barcode15
AF384372.1_891,104,barcode15
AF384372.1_892,104,barcode15
AF384372.1_896,104,barcode15
AF384372.1_915,103,barcode15
AF384372.1_918,102,barcode15
AF384372.1_919,99,barcode15
AF384372.1_921,100,barcode15
AF384372.1_933,101,barcode15
AF384372.1_939,103,barcode15
AF384372.1_948,94,barcode15
AF384372.1_951,98,barcode15
AF384372.1_954,99,barcode15
AF384372.1_955,100,barcode15
AF384372.1_963,101,barcode15
AF384372.1_969,96,barcode15
AF384372.1_970,101,barcode15
AF384372.1_972,98,barcode15
AF384372.1_978,103,barcode15
AF384372.1_993,103,barcode15
AF384372.1_1020,102,barcode15
AF384372.1_1055,83,barcode15
AF384372.1_1081,94,barcode15
AF384372.1_1090,83,barcode15
AF384372.1_1099,19,barcode15
AF384372.1_1100,19,barcode15
AF384372.1_1105,45,barcode15
AF384372.1_1110,47,barcode15
AF384372.1_1138,49,barcode15
AF384372.1_1141,45,barcode15
AF384372.1_1144,48,barcode15
AF384372.1_1147,45,barcode15
AF384372.1_1150,49,barcode15
AF384372.1_1153,49,barcode15
AF384372.1_1181,52,barcode15
AF384372.1_1184,52,barcode15
AF384372.1_1186,53,barcode15
AF384372.1_1192,54,barcode15
AF384372.1_1204,54,barcode15
AF384372.1_1240,66,barcode15
AF384372.1_1253,63,barcode15
AF384372.1_1255,66,barcode15
AF384372.1_1270,66,barcode15
AF384372.1_1275,66,barcode15
AF384372.1_1309,73,barcode15
AF384372.1_1319,76,barcode15
AF384372.1_1324,73,barcode15
AF384372.1_1326,76,barcode15
AF384372.1_1330,73,barcode15
AF384372.1_1339,78,barcode15
AF384372.1_1344,79,barcode15
AF384372.1_1348,77,barcode15
AF384372.1_1375,80,barcode15
AF384372.1_1384,82,barcode15
AF384372.1_1386,82,barcode15
AF384372.1_1392,83,barcode15
AF384372.1_1395,82,barcode15
AF384372.1_1398,82,barcode15
AF384372.1_1404,81,barcode15
AF384372.1_1408,83,barcode15
AF384372.1_1409,83,barcode15
AF384372.1_1426,91,barcode15
AF384372.1_1431,90,barcode15
AF384372.1_1446,93,barcode15
AF384372.1_1464,93,barcode15
AF384372.1_1465,94,barcode15
AF384372.1_1466,95,barcode15
AF384372.1_1475,96,barcode15
AF384372.1_1524,89,barcode15
AF384372.1_1586,101,barcode15
AF384372.1_1592,99,barcode15
AF384372.1_1593,105,barcode15
AF384372.1_1599,108,barcode15
AF384372.1_1620,107,barcode15
AF384372.1_1623,107,barcode15
AF384372.1_1629,109,barcode15
AF384372.1_1644,110,barcode15
AF384372.1_1666,109,barcode15
AF384372.1_1699,109,barcode15
AF384372.1_1707,110,barcode15
AF384372.1_1753,122,barcode15
AF384372.1_1780,115,barcode15
AF384372.1_1781,115,barcode15
AF384372.1_1790,114,barcode15
AF384372.1_1809,14,barcode15
AF384372.1_1813,15,barcode15
AF384372.1_1825,14,barcode15
AF384372.1_1834,15,barcode15
AF384372.1_1836,15,barcode15
AF384372.1_1867,14,barcode15
AF384372.1_1886,17,barcode15
AF384372.1_1903,17,barcode15
AF384372.1_1938,19,barcode15
AF384372.1_1941,19,barcode15
AF384372.1_1972,19,barcode15
AF384372.1_2029,19,barcode15
AF384372.1_2058,19,barcode15
AF384372.1_2096,19,barcode15
AF384372.1_2098,19,barcode15
AF384372.1_2101,19,barcode15
AF384372.1_2104,18,barcode15
AF384372.1_2139,19,barcode15
AF384372.1_2145,19,barcode15
AF384372.1_2146,19,barcode15
AF384372.1_2148,19,barcode15
AF384372.1_2154,19,barcode15
AF384372.1_2158,19,barcode15
AF384372.1_2160,19,barcode15
AF384372.1_2166,20,barcode15
AF384372.1_2169,20,barcode15
AF384372.1_2199,24,barcode15
AF384372.1_2208,25,barcode15
AF384372.1_2211,25,barcode15
AF384372.1_2214,25,barcode15
AF384372.1_2217,25,barcode15
AF384372.1_2220,25,barcode15
AF384372.1_2223,25,barcode15
AF384372.1_2234,27,barcode15
AF384372.1_2254,29,barcode15
AF384372.1_2256,29,barcode15
AF384372.1_2262,30,barcode15
AF384372.1_2271,29,barcode15
AF384372.1_2272,29,barcode15
AF384372.1_2274,29,barcode15
AF384372.1_2299,29,barcode15
AF384372.1_2307,28,barcode15
AF384372.1_2319,27,barcode15
AF384372.1_2325,28,barcode15
AF384372.1_2334,29,barcode15
AF384372.1_2337,29,barcode15
AF384372.1_2346,29,barcode15
AF384372.1_2355,29,barcode15
AF384372.1_2383,28,barcode15
AF384372.1_2385,27,barcode15
AF384372.1_2388,28,barcode15
AF384372.1_2397,30,barcode15
AF384372.1_2427,29,barcode15
AF384372.1_2428,29,barcode15
AF384372.1_2436,29,barcode15
AF384372.1_2440,29,barcode15
AF384372.1_2460,28,barcode15
AF384372.1_2470,27,barcode15
AF384372.1_2472,26,barcode15
AF384372.1_2476,28,barcode15
AF384372.1_2478,27,barcode15
AF384372.1_2511,29,barcode15
AF384372.1_2523,30,barcode15
AF384372.1_2534,30,barcode15
AF384372.1_2535,30,barcode15
AF384372.1_2557,35,barcode15
AF384372.1_2592,52,barcode15
AF384372.1_2611,50,barcode15
AF384372.1_2619,47,barcode15
AF384372.1_2628,49,barcode15
AF384372.1_2634,48,barcode15
AF384372.1_2637,49,barcode15
AF384372.1_2643,49,barcode15
AF384372.1_2649,49,barcode15
AF384372.1_2652,49,barcode15
AF384372.1_2658,47,barcode15
AF384372.1_2661,47,barcode15
AF384372.1_2664,48,barcode15
AF384372.1_2667,48,barcode15
AF384372.1_2670,48,barcode15
AF384372.1_2673,48,barcode15
AF384372.1_2691,50,barcode15
AF384372.1_2730,49,barcode15
AF384372.1_2757,48,barcode15
AF384372.1_2766,48,barcode15
AF384372.1_2769,44,barcode15
AF384372.1_2778,45,barcode15
AF384372.1_2784,46,barcode15
AF384372.1_2793,49,barcode15
AF384372.1_2796,49,barcode15
AF384372.1_2802,49,barcode15
AF384372.1_2804,47,barcode15
AF384372.1_2808,47,barcode15
AF384372.1_2813,48,barcode15
AF384372.1_2817,49,barcode15
AF384372.1_2849,606,barcode15
AF384372.1_2871,626,barcode15
AF384372.1_2879,630,barcode15
AF384372.1_2911,8004,barcode15
AF384372.1_2941,8006,barcode15
AF384372.1_2943,7998,barcode15
AF384372.1_2957,7994,barcode15
AF384372.1_2978,7941,barcode15
AF384372.1_3008,8005,barcode15
AF384372.1_3024,7968,barcode15
AF384372.1_3032,7997,barcode15
AF384372.1_3035,7930,barcode15
AF384372.1_3052,7985,barcode15
AF384372.1_3057,7928,barcode15
AF384372.1_3104,7391,barcode15
CHROM_POS,DP,barcode12
AF384372.1_17,378,barcode12
AF384372.1_76,385,barcode12
AF384372.1_155,210,barcode12
AF384372.1_159,208,barcode12
AF384372.1_164,197,barcode12
AF384372.1_230,170,barcode12
AF384372.1_245,29,barcode12
AF384372.1_2262,10,barcode12
AF384372.1_2266,10,barcode12
AF384372.1_2307,15,barcode12
AF384372.1_2314,15,barcode12
AF384372.1_2346,15,barcode12
AF384372.1_2349,15,barcode12
AF384372.1_2352,15,barcode12
AF384372.1_2355,15,barcode12
AF384372.1_2383,15,barcode12
AF384372.1_2460,16,barcode12
AF384372.1_2476,15,barcode12
AF384372.1_2478,15,barcode12
AF384372.1_2511,15,barcode12
AF384372.1_2523,15,barcode12
AF384372.1_2526,15,barcode12
AF384372.1_2534,16,barcode12
AF384372.1_2535,16,barcode12
AF384372.1_2634,99,barcode12
AF384372.1_2691,237,barcode12
AF384372.1_2757,241,barcode12
AF384372.1_2766,251,barcode12
AF384372.1_2802,259,barcode12
AF384372.1_2804,260,barcode12
AF384372.1_2817,259,barcode12
AF384372.1_2879,452,barcode12
AF384372.1_2918,364,barcode12
AF384372.1_2935,356,barcode12
AF384372.1_2939,355,barcode12
AF384372.1_3008,361,barcode12
AF384372.1_3024,357,barcode12
AF384372.1_3026,359,barcode12
AF384372.1_3032,359,barcode12
AF384372.1_3052,324,barcode12
AF384372.1_3080,302,barcode12
AF384372.1_3114,329,barcode12
AF384372.1_3121,301,barcode12
